"SNP","exposure","outcome","effect_allele.exposure","other_allele.exposure","effect_allele.outcome","other_allele.outcome","eaf.exposure","eaf.outcome","beta.exposure","se.exposure","beta.outcome","se.outcome","raw_Fstat","APM_Fstat"
"rs111920836","LongSleep","CAD","C","T","C","T",0.101968,0.109131268592483,0.414695708069987,0.0862925,0.0695415212208772,0.0548884278461464,23.0947347602728,22.3165575629804
"rs117450402","LongSleep","CAD","A","G","A","G",0.0356666,0.0372183843434269,0.62594377844578,0.133747,0.0706369514807196,0.0928627204675935,21.9029471607553,21.1596790938568
"rs138971980","LongSleep","CAD","G","C","G","C",0.0132665,0.0153476331360947,0.946346497987337,0.191077,-0.300327008293231,0.171881955032383,24.529208264229,23.848469868104
"rs140045289","LongSleep","CAD","T","C","T","C",0.0127844,0.0119375166415195,0.844227437172832,0.187724,0.247014647695556,0.146007537309923,20.2245713605129,19.5325389515793
"rs140097546","LongSleep","CAD","A","C","A","C",0.0280081,0.0326435701322271,0.663754414533626,0.147504,0.0877710469316017,0.103020708834085,20.2491710872511,19.5182716030041
"rs1777334","LongSleep","CAD","C","T","C","T",0.507286,0.5243371996686,-0.281714580072029,0.06213,-0.00836013963032287,0.0357618705188731,20.5596606237358,19.7365244983523
"rs2086730","LongSleep","CAD","T","C","T","C",0.015704,0.0153548024437508,0.80725681085002,0.167274,0.135805358493348,0.137453552287633,23.2898424802291,22.5916739689527
"rs2819372","LongSleep","CAD","C","A","C","A",0.43117,0.425896066626233,0.268850873166589,0.0587626,-0.0454349614401308,0.0365396805259501,20.9324901772712,20.118208633838
"rs283864","LongSleep","CAD","C","G","C","G",0.384172,0.395742414604198,-0.0877563817094692,0.061866,-0.0366067162703066,0.0368882148458313,2.01211751973564,19.8971716743087
"rs3016887","LongSleep","CAD","C","T","C","T",0.0271299,0.0275086172463275,0.678667859295111,0.15021,0.101077710272886,0.101305317969817,20.413471746049,19.6776272209376
"rs76013678","LongSleep","CAD","A","C","A","C",0.0457128,0.0411094674556213,0.158660495305087,0.129498,0.0628297130482777,0.0893169799230919,1.50110644370769,20.549112521826
