"SNP","effect_allele.exposure","other_allele.exposure","effect_allele.outcome","other_allele.outcome","beta.exposure","beta.outcome","eaf.exposure","eaf.outcome","remove","palindromic","ambiguous","id.outcome","se.outcome","outcome","se.exposure","exposure","id.exposure","action","SNP_index","mr_keep","samplesize.outcome"
"rs111483542","A","G","A","G",0.500229684552587,0.130708448858675,0.018655,0.0197691624741048,FALSE,FALSE,FALSE,2,0.118299902733555,"HF",0.1055,"ShortSleep",1,2,1,TRUE,NA
"rs12742385","G","A","G","A",-0.0617903009564515,-0.00534948932241606,0.16342,0.173710691823899,FALSE,FALSE,FALSE,2,0.0461214953985411,"HF",0.0445611,"ShortSleep",1,2,1,TRUE,NA
"rs16822697","A","C","A","C",-0.275974869960196,-0.0455500752861941,0.120164,0.127672955974843,FALSE,FALSE,FALSE,2,0.0528519253855039,"HF",0.0563548,"ShortSleep",1,2,1,TRUE,NA
"rs17668087","G","C","G","C",0.0676399567103398,0.0707128862614569,0.119842,0.115224114713586,FALSE,TRUE,FALSE,2,0.0530189540825099,"HF",0.0476392,"ShortSleep",1,2,1,TRUE,NA
"rs182626019","T","A","T","A",0.458980598255444,0.0949888273026475,0.0237495,0.0272117902960891,FALSE,TRUE,FALSE,2,0.102394883074586,"HF",0.100025,"ShortSleep",1,2,1,TRUE,NA
"rs448086","G","A","G","A",-0.0502275467089371,0.0253563421583085,0.353619,0.351828284771446,FALSE,FALSE,FALSE,2,0.0362706308749407,"HF",0.0331232,"ShortSleep",1,2,1,TRUE,NA
"rs55654912","C","T","C","T",0.507793030098564,-0.0925533001715345,0.0201158,0.0168948959630091,FALSE,FALSE,FALSE,2,0.138966127901746,"HF",0.107884,"ShortSleep",1,2,1,TRUE,NA
"rs61766953","C","G","C","G",-0.117096896103973,-0.0468122924865479,0.0475824,0.0578041525461353,FALSE,TRUE,FALSE,2,0.0758713476925612,"HF",0.0827505,"ShortSleep",1,2,1,TRUE,NA
"rs62436669","A","G","A","G",-0.0686536433170481,-0.0618112766731075,0.179945,0.190793270297865,FALSE,FALSE,FALSE,2,0.0450980699694717,"HF",0.0415572,"ShortSleep",1,2,1,TRUE,NA
"rs78213764","T","G","T","G",0.406104903395504,-0.0593480373408403,0.0316139,0.0322358686001776,FALSE,FALSE,FALSE,2,0.0997717813581528,"HF",0.0815399,"ShortSleep",1,2,1,TRUE,NA
"rs78440839","G","T","G","T",0.583181633558071,-0.0703747936953328,0.0151506,0.0141472438031816,FALSE,FALSE,FALSE,2,0.152486087953892,"HF",0.122924,"ShortSleep",1,2,1,TRUE,NA
"rs824446","A","G","A","G",0.153098698117051,-0.057204989747884,0.521318,0.528278015359801,FALSE,FALSE,FALSE,2,0.0348249655814151,"HF",0.0321989,"ShortSleep",1,2,1,TRUE,NA
