"SNP","effect_allele.exposure","other_allele.exposure","effect_allele.outcome","other_allele.outcome","beta.exposure","beta.outcome","eaf.exposure","eaf.outcome","remove","palindromic","ambiguous","id.outcome","se.outcome","outcome","se.exposure","exposure","id.exposure","action","SNP_index","mr_keep","samplesize.outcome"
"rs111920836","C","T","C","T",0.414695708069987,-0.068037327506923,0.101968,0.10912138187199,FALSE,FALSE,FALSE,2,0.0431480270107759,"AF",0.0862925,"LongSleep",1,2,1,TRUE,NA
"rs117450402","A","G","A","G",0.62594377844578,0.054258916683442,0.0356666,0.0372224769624447,FALSE,FALSE,FALSE,2,0.0692095956058414,"AF",0.133747,"LongSleep",1,2,1,TRUE,NA
"rs138971980","G","C","G","C",0.946346497987337,-0.00305665720823342,0.0132665,0.015375854214123,FALSE,TRUE,FALSE,2,0.110506747837542,"AF",0.191077,"LongSleep",1,2,1,TRUE,NA
"rs140045289","T","C","T","C",0.844227437172832,0.0445325815786797,0.0127844,0.0119364572239972,FALSE,FALSE,FALSE,2,0.119418222458144,"AF",0.187724,"LongSleep",1,2,1,TRUE,NA
"rs140097546","A","C","A","C",0.663754414533626,-0.0512153500950848,0.0280081,0.0326522013903518,FALSE,FALSE,FALSE,2,0.0810382370119723,"AF",0.147504,"LongSleep",1,2,1,TRUE,NA
"rs1777334","C","T","C","T",-0.281714580072029,-0.000394255936523002,0.507286,0.524372022840912,FALSE,FALSE,FALSE,2,0.0268160384951842,"AF",0.06213,"LongSleep",1,2,1,TRUE,NA
"rs2086730","T","C","T","C",0.80725681085002,-0.0575125607343744,0.015704,0.0153534397325721,FALSE,FALSE,FALSE,2,0.113193545131334,"AF",0.167274,"LongSleep",1,2,1,TRUE,NA
"rs2819372","C","A","C","A",0.268850873166589,0.0599421531158879,0.43117,0.425865664798024,FALSE,FALSE,FALSE,2,0.0271231938966717,"AF",0.0587626,"LongSleep",1,2,1,TRUE,NA
"rs283864","C","G","C","G",-0.0877563817094692,0.0112881221769137,0.384172,0.395751667825392,FALSE,TRUE,FALSE,2,0.0275352619390454,"AF",0.061866,"LongSleep",1,2,1,TRUE,NA
"rs3016887","C","T","C","T",0.678667859295111,0.167708773336063,0.0271299,0.0275431563688002,FALSE,FALSE,FALSE,2,0.0760954377477661,"AF",0.15021,"LongSleep",1,2,1,TRUE,NA
"rs76013678","A","C","A","C",0.158660495305087,0.075930053653802,0.0457128,0.0410762358370559,FALSE,FALSE,FALSE,2,0.0652093133071157,"AF",0.129498,"LongSleep",1,2,1,TRUE,NA
