"SNP","effect_allele.exposure","other_allele.exposure","effect_allele.outcome","other_allele.outcome","beta.exposure","beta.outcome","eaf.exposure","eaf.outcome","remove","palindromic","ambiguous","id.outcome","se.outcome","outcome","se.exposure","exposure","id.exposure","action","SNP_index","mr_keep","samplesize.outcome"
"rs112324736","G","A","G","A",0.0439977464776452,0.0167661424358742,0.184698,0.185659885314644,FALSE,FALSE,FALSE,2,0.0360035372735537,"T2DM",0.031276,"Insomnia",1,2,1,TRUE,NA
"rs117127404","T","C","T","C",-0.523563068348089,-0.0838045574265726,0.0155672,0.0156668590796738,FALSE,FALSE,FALSE,2,0.116704528597083,"T2DM",0.115427,"Insomnia",1,2,1,TRUE,NA
"rs11789898","T","G","T","G",0.0466450078230438,-0.00209571876795047,0.177533,0.182550375316465,FALSE,FALSE,FALSE,2,0.0362709177139135,"T2DM",0.0305657,"Insomnia",1,2,1,TRUE,NA
"rs11951138","G","A","G","A",-0.0798953018716389,0.106018656265662,0.050806,0.0554683915276565,FALSE,FALSE,FALSE,2,0.0589935336413517,"T2DM",0.0559484,"Insomnia",1,2,1,TRUE,NA
"rs12553270","C","T","C","T",0.242569637139312,0.0652189503513114,0.0582212,0.0580154253823037,FALSE,FALSE,FALSE,2,0.0588224414141987,"T2DM",0.0465059,"Insomnia",1,2,1,TRUE,NA
"rs150081707","A","G","A","G",0.26842279751297,0.0684615037345029,0.035717,0.0336949764660608,FALSE,FALSE,FALSE,2,0.0753198176154248,"T2DM",0.0588301,"Insomnia",1,2,1,TRUE,NA
"rs28573814","A","G","A","G",0.116982715485614,-0.0134818518948247,0.39154,0.397350503256365,FALSE,FALSE,FALSE,2,0.028739795591003,"T2DM",0.0248692,"Insomnia",1,2,1,TRUE,NA
"rs76725568","C","G","C","G",0.213925192504131,-0.059468210742763,0.0712185,0.0770733729036842,FALSE,TRUE,FALSE,2,0.0535142790178643,"T2DM",0.0469983,"Insomnia",1,2,1,TRUE,NA
"rs78182614","T","C","T","C",0.132229295263576,-0.0212028690865118,0.36344,0.545311506675143,FALSE,FALSE,FALSE,2,0.0679694585796069,"T2DM",0.026397,"Insomnia",1,2,1,TRUE,NA
