"SNP","exposure","outcome","effect_allele.exposure","other_allele.exposure","effect_allele.outcome","other_allele.outcome","eaf.exposure","eaf.outcome","beta.exposure","se.exposure","beta.outcome","se.outcome","raw_Fstat","APM_Fstat"
"rs117127404","Insomnia","T2DM","T","C","T","C",0.0155672,0.0156668590796738,-0.523563068348089,0.115427,-0.0838045574265726,0.116704528597083,20.5742111144933,19.7542734632832
"rs12553270","Insomnia","T2DM","C","T","C","T",0.0582212,0.0580154253823037,0.242569637139312,0.0465059,0.0652189503513114,0.0588224414141987,27.2055036443631,26.4789871513324
"rs1475549","Insomnia","T2DM","T","G","T","G",0.0586521,0.0612593809671833,-0.249663363467434,0.0561647,-0.11019128978572,0.0609663510367132,19.7598092177154,18.9724665039321
"rs150081707","Insomnia","T2DM","A","G","A","G",0.035717,0.0336949764660608,0.26842279751297,0.0588301,0.0684615037345029,0.0753198176154248,20.8180296793604,20.0851061765298
"rs28573814","Insomnia","T2DM","A","G","A","G",0.39154,0.397350503256365,0.116982715485614,0.0248692,-0.0134818518948247,0.028739795591003,22.1268589107214,21.4200309144578
"rs56256111","Insomnia","T2DM","A","G","A","G",0.139098,0.143137312946818,0.153553358609311,0.0344867,-0.0066072150720587,0.0400489947106218,19.8250988671022,19.0873934220722
"rs5771648","Insomnia","T2DM","T","C","T","C",0.386769,0.397944080164592,-0.110874579090541,0.0250637,-0.072140803433224,0.0288911236225475,19.5692238475302,18.8322836378642
"rs60365505","Insomnia","T2DM","G","T","G","T",0.0572297,0.061732141271204,0.213949414474266,0.0483258,-0.0521649306266482,0.05910673172404,19.6003623471427,18.9289091232928
"rs73313142","Insomnia","T2DM","A","G","A","G",0.0565757,0.0639080493797922,0.218661522010342,0.0492748,-0.0174647741639405,0.057888378260755,19.6922342370371,18.9674543171139
"rs76725568","Insomnia","T2DM","C","G","C","G",0.0712185,0.0770733729036842,0.213925192504131,0.0469983,-0.059468210742763,0.0535142790178643,20.7185598704935,19.9887688212579
"rs78182614","Insomnia","T2DM","T","C","T","C",0.36344,0.545311506675143,0.132229295263576,0.026397,-0.0212028690865118,0.0679694585796069,25.0926322500813,24.3362488041416
"rs9784526","Insomnia","T2DM","G","A","G","A",0.206092,0.208423997513211,0.124895460071316,0.0282546,0.00514452859005101,0.0343807642774504,19.5395688921775,18.785782270575
