"SNP","effect_allele.exposure","other_allele.exposure","effect_allele.outcome","other_allele.outcome","beta.exposure","beta.outcome","eaf.exposure","eaf.outcome","remove","palindromic","ambiguous","id.outcome","se.outcome","outcome","se.exposure","exposure","id.exposure","action","SNP_index","mr_keep","samplesize.outcome"
"rs111920836","C","T","C","T",0.4001577154502,0.00796909896801445,0.10177,0.109129771453603,FALSE,FALSE,FALSE,2,0.0544916166300149,"HF",0.085974,"LongSleep",1,2,1,TRUE,NA
"rs116045290","G","A","G","A",0.8462716196966,-0.226254266104062,0.0135481,0.0124167036872501,FALSE,FALSE,FALSE,2,0.172330028136407,"HF",0.179944,"LongSleep",1,2,1,TRUE,NA
"rs138250961","G","C","G","C",0.727862567648398,-0.0859166642719844,0.0226649,0.0229280419052692,FALSE,TRUE,FALSE,2,0.121029960688084,"HF",0.158689,"LongSleep",1,2,1,TRUE,NA
"rs138971980","G","C","G","C",0.931466987723653,0.0908627067264599,0.0131425,0.0153674272692296,FALSE,TRUE,FALSE,2,0.136707896070846,"HF",0.190514,"LongSleep",1,2,1,TRUE,NA
"rs145916213","G","C","G","C",0.675090128859826,-0.186423361107173,0.0266729,0.0285082202524528,FALSE,TRUE,FALSE,2,0.113454927369987,"HF",0.149385,"LongSleep",1,2,1,TRUE,NA
"rs1777334","C","T","C","T",-0.281124950772763,-0.0316141326737694,0.507294,0.524285925706675,FALSE,FALSE,FALSE,2,0.0347531537833603,"HF",0.0615623,"LongSleep",1,2,1,TRUE,NA
"rs283864","C","G","C","G",-0.0862956331953415,-0.0568394875865016,0.384161,0.395767665556789,FALSE,TRUE,FALSE,2,0.0359338763254447,"HF",0.0614722,"LongSleep",1,2,1,TRUE,NA
"rs304128","A","G","A","G",0.331229948379266,-0.0404841001415636,0.142702,0.134165470500318,FALSE,FALSE,FALSE,2,0.0516562720274122,"HF",0.0730405,"LongSleep",1,2,1,TRUE,NA
"rs4938609","A","C","A","C",0.223767356707162,0.0315085586131066,0.021913,0.0198354567112058,FALSE,FALSE,FALSE,2,0.121902968782911,"HF",0.185979,"LongSleep",1,2,1,TRUE,NA
"rs61891046","A","G","A","G",0.343674807151713,-0.025813457118075,0.157704,0.165125260805872,FALSE,FALSE,FALSE,2,0.0471379984493644,"HF",0.0730281,"LongSleep",1,2,1,TRUE,NA
"rs74790696","T","A","T","A",0.490871865050033,0.123257011572737,0.0620361,0.0645607648138282,FALSE,TRUE,FALSE,2,0.0669963700061519,"HF",0.106186,"LongSleep",1,2,1,TRUE,NA
