"SNP","effect_allele.exposure","other_allele.exposure","effect_allele.outcome","other_allele.outcome","beta.exposure","beta.outcome","eaf.exposure","eaf.outcome","remove","palindromic","ambiguous","id.outcome","se.outcome","outcome","se.exposure","exposure","id.exposure","action","SNP_index","mr_keep","samplesize.outcome"
"rs111920836","C","T","C","T",0.4001577154502,0.0704008047616504,0.10177,0.109131268592483,FALSE,FALSE,FALSE,2,0.0548622077340382,"CAD",0.085974,"LongSleep",1,2,1,TRUE,NA
"rs116045290","G","A","G","A",0.8462716196966,0.209560189815168,0.0135481,0.0124274632875414,FALSE,FALSE,FALSE,2,0.14560061362518,"CAD",0.179944,"LongSleep",1,2,1,TRUE,NA
"rs138250961","G","C","G","C",0.727862567648398,0.138652741431125,0.0226649,0.0229279765690872,FALSE,TRUE,FALSE,2,0.112178047966267,"CAD",0.158689,"LongSleep",1,2,1,TRUE,NA
"rs138971980","G","C","G","C",0.931466987723653,-0.292282378503886,0.0131425,0.0153476331360947,FALSE,TRUE,FALSE,2,0.171842929778608,"CAD",0.190514,"LongSleep",1,2,1,TRUE,NA
"rs145916213","G","C","G","C",0.675090128859826,0.0515782326995354,0.0266729,0.0285063388511664,FALSE,TRUE,FALSE,2,0.10661749388697,"CAD",0.149385,"LongSleep",1,2,1,TRUE,NA
"rs1777334","C","T","C","T",-0.281124950772763,-0.00872878848458305,0.507294,0.5243371996686,FALSE,FALSE,FALSE,2,0.0357304957383545,"CAD",0.0615623,"LongSleep",1,2,1,TRUE,NA
"rs283864","C","G","C","G",-0.0862956331953415,-0.038741374869097,0.384161,0.395742414604198,FALSE,TRUE,FALSE,2,0.0368423584098036,"CAD",0.0614722,"LongSleep",1,2,1,TRUE,NA
"rs304128","A","G","A","G",0.331229948379266,-0.0425819416773229,0.142702,0.134173582449445,FALSE,FALSE,FALSE,2,0.0536438507953488,"CAD",0.0730405,"LongSleep",1,2,1,TRUE,NA
"rs4938609","A","C","A","C",0.223767356707162,0.0493976686638436,0.021913,0.0198733784003668,FALSE,FALSE,FALSE,2,0.126566607114678,"CAD",0.185979,"LongSleep",1,2,1,TRUE,NA
"rs61891046","A","G","A","G",0.343674807151713,0.0370928462125678,0.157704,0.165056729930031,FALSE,FALSE,FALSE,2,0.0473374310724812,"CAD",0.0730281,"LongSleep",1,2,1,TRUE,NA
"rs74790696","T","A","T","A",0.490871865050033,0.114661641334522,0.0620361,0.0645545462615025,FALSE,TRUE,FALSE,2,0.0700532020483671,"CAD",0.106186,"LongSleep",1,2,1,TRUE,NA
