"SNP","beta_outcome","se_outcome","beta_exp1","beta_exp2","se_exp1","se_exp2","exp1","exp2","outcome","cond_F_stat_exp1","cond_F_stat_exp2"
"rs117849753",-0.00340135979997326,0.047504110253533,0.0071,0.403870504069325,0.0102,0.0899587,"BMI","OSA","HTN",3.65207085580278,8.75132635293549
"rs11805515",-0.00715679685690994,0.0279517956104628,0.0017,0.255835304812432,0.0053,0.0523207,"BMI","OSA","HTN",3.65207085580278,8.75132635293549
"rs12301832",0.00488786534384878,0.0128992139513381,0.0032,0.119869745850384,0.0028,0.0270299,"BMI","OSA","HTN",3.65207085580278,8.75132635293549
"rs146632866",-0.00746208119598236,0.0478296994812105,0.0265,0.402888458061381,0.0111,0.0910824,"BMI","OSA","HTN",3.65207085580278,8.75132635293549
"rs147156372",0.0612128292641032,0.0490458285120087,-0.0256,0.452361416572393,0.0103,0.0979001,"BMI","OSA","HTN",3.65207085580278,8.75132635293549
"rs148993979",-0.0460683316204921,0.041151086323028,0.0182,0.356736942016812,0.0081,0.0790262,"BMI","OSA","HTN",3.65207085580278,8.75132635293549
"rs322237",-0.0202430364837559,0.0140456475204762,-7e-04,0.12812053027586,0.0027,0.0286622,"BMI","OSA","HTN",3.65207085580278,8.75132635293549
"rs56353887",0.0111943127721939,0.0198390835580709,0.0141,0.174096154063185,0.0042,0.0383808,"BMI","OSA","HTN",3.65207085580278,8.75132635293549
"rs57946121",0.023858550319007,0.0257312104316799,0.0091,-0.263804100534125,0.0058,0.0587567,"BMI","OSA","HTN",3.65207085580278,8.75132635293549
"rs7183818",-0.00789525105196064,0.0122169280543621,-0.0131,-0.110394274903555,0.0023,0.0247124,"BMI","OSA","HTN",3.65207085580278,8.75132635293549
"rs73270123",-0.0337779713295798,0.0205882816686672,-0.004,-0.202078241145528,0.0045,0.0443982,"BMI","OSA","HTN",3.65207085580278,8.75132635293549
"rs75439231",0.00300541676703072,0.0377837274680534,0.0042,0.321873332158038,0.0079,0.0715071,"BMI","OSA","HTN",3.65207085580278,8.75132635293549
"rs78203474",0.00769224118457674,0.0232749269741796,0.0028,0.220147066333935,0.0053,0.0468536,"BMI","OSA","HTN",3.65207085580278,8.75132635293549
"rs79252054",-0.0298117107956996,0.0496395953502268,0.0274,0.398104753701872,0.0099,0.0881917,"BMI","OSA","HTN",3.65207085580278,8.75132635293549
"rs9829686",0.026060055977877,0.0120551886659251,-0.003,-0.109722236368893,0.0023,0.0247276,"BMI","OSA","HTN",3.65207085580278,8.75132635293549
