"SNP","effect_allele.exposure","other_allele.exposure","effect_allele.outcome","other_allele.outcome","beta.exposure","beta.outcome","eaf.exposure","eaf.outcome","remove","palindromic","ambiguous","id.outcome","se.outcome","outcome","se.exposure","exposure","id.exposure","action","SNP_index","mr_keep","samplesize.outcome"
"rs112324736","G","A","G","A",0.0439977464776452,0.0676890270653668,0.184698,0.185649945183561,FALSE,FALSE,FALSE,2,0.0396421189699545,"CKD",0.031276,"Insomnia",1,2,1,TRUE,NA
"rs117127404","T","C","T","C",-0.523563068348089,-0.243195490473424,0.0155672,0.0156647723909312,FALSE,FALSE,FALSE,2,0.141403503168476,"CKD",0.115427,"Insomnia",1,2,1,TRUE,NA
"rs11789898","T","G","T","G",0.0466450078230438,-0.057800189008199,0.177533,0.182607472761724,FALSE,FALSE,FALSE,2,0.0412502959758389,"CKD",0.0305657,"Insomnia",1,2,1,TRUE,NA
"rs11951138","G","A","G","A",-0.0798953018716389,-0.0128643359239577,0.050806,0.0554832026047062,FALSE,FALSE,FALSE,2,0.0688462764692502,"CKD",0.0559484,"Insomnia",1,2,1,TRUE,NA
"rs12553270","C","T","C","T",0.242569637139312,0.0051328112876804,0.0582212,0.0580076968620485,FALSE,FALSE,FALSE,2,0.0670182381331544,"CKD",0.0465059,"Insomnia",1,2,1,TRUE,NA
"rs150081707","A","G","A","G",0.26842279751297,0.104397958449213,0.035717,0.0336682896508857,FALSE,FALSE,FALSE,2,0.0839033685376879,"CKD",0.0588301,"Insomnia",1,2,1,TRUE,NA
"rs28573814","A","G","A","G",0.116982715485614,-0.0404582348219594,0.39154,0.397327176663855,FALSE,FALSE,FALSE,2,0.0323187448499369,"CKD",0.0248692,"Insomnia",1,2,1,TRUE,NA
"rs76725568","C","G","C","G",0.213925192504131,0.0570358457856485,0.0712185,0.0770409069381956,FALSE,TRUE,FALSE,2,0.057350820433412,"CKD",0.0469983,"Insomnia",1,2,1,TRUE,NA
"rs78182614","T","C","T","C",0.132229295263576,0.114443881569991,0.36344,0.545429987923473,FALSE,FALSE,FALSE,2,0.0744270030859514,"CKD",0.026397,"Insomnia",1,2,1,TRUE,NA
