"SNP","effect_allele.exposure","other_allele.exposure","effect_allele.outcome","other_allele.outcome","beta.exposure","beta.outcome","eaf.exposure","eaf.outcome","remove","palindromic","ambiguous","id.outcome","se.outcome","outcome","se.exposure","exposure","id.exposure","action","SNP_index","mr_keep","samplesize.outcome"
"rs117127404","T","C","T","C",-0.523563068348089,-0.243195490473424,0.0155672,0.0156647723909312,FALSE,FALSE,FALSE,2,0.141403503168476,"CKD",0.115427,"Insomnia",1,2,1,TRUE,NA
"rs12553270","C","T","C","T",0.242569637139312,0.0051328112876804,0.0582212,0.0580076968620485,FALSE,FALSE,FALSE,2,0.0670182381331544,"CKD",0.0465059,"Insomnia",1,2,1,TRUE,NA
"rs1475549","T","G","T","G",-0.249663363467434,-0.0517595652071766,0.0586521,0.0612512210283279,FALSE,FALSE,FALSE,2,0.0667118479068066,"CKD",0.0561647,"Insomnia",1,2,1,TRUE,NA
"rs150081707","A","G","A","G",0.26842279751297,0.104397958449213,0.035717,0.0336682896508857,FALSE,FALSE,FALSE,2,0.0839033685376879,"CKD",0.0588301,"Insomnia",1,2,1,TRUE,NA
"rs28573814","A","G","A","G",0.116982715485614,-0.0404582348219594,0.39154,0.397327176663855,FALSE,FALSE,FALSE,2,0.0323187448499369,"CKD",0.0248692,"Insomnia",1,2,1,TRUE,NA
"rs56256111","A","G","A","G",0.153553358609311,-0.0099993115991483,0.139098,0.143088648808643,FALSE,FALSE,FALSE,2,0.0452412750764577,"CKD",0.0344867,"Insomnia",1,2,1,TRUE,NA
"rs5771648","T","C","T","C",-0.110874579090541,0.0221947591780518,0.386769,0.397942874056534,FALSE,FALSE,FALSE,2,0.0321320704772554,"CKD",0.0250637,"Insomnia",1,2,1,TRUE,NA
"rs60365505","G","T","G","T",0.213949414474266,0.0769702714538934,0.0572297,0.0617091183565942,FALSE,FALSE,FALSE,2,0.0630111280310645,"CKD",0.0483258,"Insomnia",1,2,1,TRUE,NA
"rs73313142","A","G","A","G",0.218661522010342,0.129479762616393,0.0565757,0.0639217369425903,FALSE,FALSE,FALSE,2,0.060817541471894,"CKD",0.0492748,"Insomnia",1,2,1,TRUE,NA
"rs76725568","C","G","C","G",0.213925192504131,0.0570358457856485,0.0712185,0.0770409069381956,FALSE,TRUE,FALSE,2,0.057350820433412,"CKD",0.0469983,"Insomnia",1,2,1,TRUE,NA
"rs78182614","T","C","T","C",0.132229295263576,0.114443881569991,0.36344,0.545429987923473,FALSE,FALSE,FALSE,2,0.0744270030859514,"CKD",0.026397,"Insomnia",1,2,1,TRUE,NA
"rs9784526","G","A","G","A",0.124895460071316,-0.00110059693773528,0.206092,0.208425835479383,FALSE,FALSE,FALSE,2,0.0387195702307505,"CKD",0.0282546,"Insomnia",1,2,1,TRUE,NA
