"SNP","exposure","outcome","effect_allele.exposure","other_allele.exposure","effect_allele.outcome","other_allele.outcome","eaf.exposure","eaf.outcome","beta.exposure","se.exposure","beta.outcome","se.outcome","raw_Fstat","APM_Fstat"
"rs117127404","Insomnia","CKD","T","C","T","C",0.0155672,0.0156647723909312,-0.523563068348089,0.115427,-0.243195490473424,0.141403503168476,20.5742111144933,19.7542734632832
"rs12553270","Insomnia","CKD","C","T","C","T",0.0582212,0.0580076968620485,0.242569637139312,0.0465059,0.0051328112876804,0.0670182381331544,27.2055036443631,26.4789871513324
"rs1475549","Insomnia","CKD","T","G","T","G",0.0586521,0.0612512210283279,-0.249663363467434,0.0561647,-0.0517595652071766,0.0667118479068066,19.7598092177154,18.9724665039321
"rs150081707","Insomnia","CKD","A","G","A","G",0.035717,0.0336682896508857,0.26842279751297,0.0588301,0.104397958449213,0.0839033685376879,20.8180296793604,20.0851061765298
"rs28573814","Insomnia","CKD","A","G","A","G",0.39154,0.397327176663855,0.116982715485614,0.0248692,-0.0404582348219594,0.0323187448499369,22.1268589107214,21.4200309144578
"rs56256111","Insomnia","CKD","A","G","A","G",0.139098,0.143088648808643,0.153553358609311,0.0344867,-0.0099993115991483,0.0452412750764577,19.8250988671022,19.0873934220722
"rs5771648","Insomnia","CKD","T","C","T","C",0.386769,0.397942874056534,-0.110874579090541,0.0250637,0.0221947591780518,0.0321320704772554,19.5692238475302,18.8322836378642
"rs60365505","Insomnia","CKD","G","T","G","T",0.0572297,0.0617091183565942,0.213949414474266,0.0483258,0.0769702714538934,0.0630111280310645,19.6003623471427,18.9289091232928
"rs73313142","Insomnia","CKD","A","G","A","G",0.0565757,0.0639217369425903,0.218661522010342,0.0492748,0.129479762616393,0.060817541471894,19.6922342370371,18.9674543171139
"rs76725568","Insomnia","CKD","C","G","C","G",0.0712185,0.0770409069381956,0.213925192504131,0.0469983,0.0570358457856485,0.057350820433412,20.7185598704935,19.9887688212579
"rs78182614","Insomnia","CKD","T","C","T","C",0.36344,0.545429987923473,0.132229295263576,0.026397,0.114443881569991,0.0744270030859514,25.0926322500813,24.3362488041416
"rs9784526","Insomnia","CKD","G","A","G","A",0.206092,0.208425835479383,0.124895460071316,0.0282546,-0.00110059693773528,0.0387195702307505,19.5395688921775,18.785782270575
