"SNP","exposure","outcome","effect_allele.exposure","other_allele.exposure","effect_allele.outcome","other_allele.outcome","eaf.exposure","eaf.outcome","beta.exposure","se.exposure","beta.outcome","se.outcome","raw_Fstat","APM_Fstat"
"rs112324736","Insomnia","CAD","G","A","G","A",0.184698,0.18568318796369,0.0439977464776452,0.031276,0.00540731834988489,0.045720155197269,1.97896656554059,19.6985643591238
"rs117127404","Insomnia","CAD","T","C","T","C",0.0155672,0.0156723814031922,-0.523563068348089,0.115427,0.0608626973076987,0.142026564024571,20.5742111144933,19.7542734632832
"rs11789898","Insomnia","CAD","T","G","T","G",0.177533,0.18260509299676,0.0466450078230438,0.0305657,0.0181099356393955,0.0456929622063705,2.32885070398782,22.3209385940534
"rs11951138","Insomnia","CAD","G","A","G","A",0.050806,0.0554947412020532,-0.0798953018716389,0.0559484,0.11960526021897,0.0734373172307334,2.03923436697387,19.9978751087375
"rs12553270","Insomnia","CAD","C","T","C","T",0.0582212,0.0580402716337974,0.242569637139312,0.0465059,-0.0253215740695649,0.0770477681997862,27.2055036443631,26.4789871513323
"rs150081707","Insomnia","CAD","A","G","A","G",0.035717,0.0336824354309044,0.26842279751297,0.0588301,0.126232193072786,0.0955468617954393,20.8180296793604,20.0851061765299
"rs28573814","Insomnia","CAD","A","G","A","G",0.39154,0.397263313609467,0.116982715485614,0.0248692,-0.111195024038201,0.0370422446660677,22.1268589107214,21.4200309144577
"rs76725568","Insomnia","CAD","C","G","C","G",0.0712185,0.0770129735646977,0.213925192504131,0.0469983,0.0879374391172645,0.0645892698815053,20.7185598704935,19.988768821258
"rs78182614","Insomnia","CAD","T","C","T","C",0.36344,0.545421338500143,0.132229295263576,0.026397,0.114589350300836,0.0849150370231478,25.0926322500813,24.3362488041416
