"SNP","exposure","outcome","effect_allele.exposure","other_allele.exposure","effect_allele.outcome","other_allele.outcome","eaf.exposure","eaf.outcome","beta.exposure","se.exposure","beta.outcome","se.outcome","raw_Fstat","APM_Fstat"
"rs10085952","OSA","HF","C","T","C","T",0.234357,0.221655815329979,-0.138658801059341,0.030806,0.0109778470324215,0.0419642087202527,20.2592917731068,19.431576522267
"rs1025462","OSA","HF","A","G","A","G",0.0849035,0.084832790766499,-0.212426187973014,0.047335,0.00845422454406717,0.0624540432269872,20.1396235499794,19.2903884495234
"rs1175989","OSA","HF","A","C","A","C",0.432251,0.431305789528222,0.116698002776607,0.0258891,0.0288331934027224,0.0348162558672903,20.3185607008597,19.485970294428
"rs11805515","OSA","HF","C","T","C","T",0.0476041,0.0487785028336367,0.272961758295071,0.0551203,0.0547990739357244,0.0782898982112207,24.5233879649319,23.6922412928632
"rs147156372","OSA","HF","A","G","A","G",0.0138489,0.0151015153308867,0.495994179638098,0.104122,-0.00834500850295499,0.14426750430388,22.6917587297713,21.881403555999
"rs148993979","OSA","HF","A","G","A","G",0.0209991,0.022389605777199,0.370024441568145,0.0834875,0.0916542006785809,0.112656209873856,19.6434565605218,18.8306325162078
"rs1532248","OSA","HF","T","G","T","G",0.416316,0.416133948918287,-0.115757713007623,0.0257872,0.0469460138130092,0.0352833507154372,20.1507631682465,19.3420358345437
"rs2191940","OSA","HF","G","A","G","A",0.091956,0.096150430689992,-0.204646923523069,0.0462234,-0.112883149726914,0.0619059270723787,19.6013808085473,18.7535390607771
"rs2636751","OSA","HF","C","T","C","T",0.400794,0.406845625665917,-0.114489839185317,0.0258072,-0.0280687502255065,0.0355583800910413,19.6812245175655,18.8685453269857
"rs6127533","OSA","HF","T","C","T","C",0.0829823,0.0776584365808004,-0.226791446801817,0.0505844,0.0379330108091668,0.0585981535706714,20.1011144847261,19.2473384529325
"rs79733973","OSA","HF","A","G","A","G",0.0599419,0.0556681809437843,0.23572013351865,0.050864,0.0784819187983816,0.0735676547246666,21.476936629587,20.6470823925803
"rs9301102","OSA","HF","T","C","T","C",0.30268,0.386661018544667,0.135893600413542,0.0294808,-0.0324760170805196,0.0496535255653491,21.2480696509827,20.4168600425923
