"SNP","exposure","outcome","effect_allele.exposure","other_allele.exposure","effect_allele.outcome","other_allele.outcome","eaf.exposure","eaf.outcome","beta.exposure","se.exposure","beta.outcome","se.outcome","raw_Fstat","APM_Fstat"
"rs112324736","Insomnia","T2DM","G","A","G","A",0.184698,0.185659885314644,0.0439977464776452,0.031276,0.0167661424358742,0.0360035372735537,1.97896656554059,19.6985643591238
"rs117127404","Insomnia","T2DM","T","C","T","C",0.0155672,0.0156668590796738,-0.523563068348089,0.115427,-0.0838045574265726,0.116704528597083,20.5742111144933,19.7542734632832
"rs11789898","Insomnia","T2DM","T","G","T","G",0.177533,0.182550375316465,0.0466450078230438,0.0305657,-0.00209571876795047,0.0362709177139135,2.32885070398782,22.3209385940534
"rs11951138","Insomnia","T2DM","G","A","G","A",0.050806,0.0554683915276565,-0.0798953018716389,0.0559484,0.106018656265662,0.0589935336413517,2.03923436697387,19.9978751087375
"rs12553270","Insomnia","T2DM","C","T","C","T",0.0582212,0.0580154253823037,0.242569637139312,0.0465059,0.0652189503513114,0.0588224414141987,27.2055036443631,26.4789871513323
"rs150081707","Insomnia","T2DM","A","G","A","G",0.035717,0.0336949764660608,0.26842279751297,0.0588301,0.0684615037345029,0.0753198176154248,20.8180296793604,20.0851061765299
"rs28573814","Insomnia","T2DM","A","G","A","G",0.39154,0.397350503256365,0.116982715485614,0.0248692,-0.0134818518948247,0.028739795591003,22.1268589107214,21.4200309144577
"rs76725568","Insomnia","T2DM","C","G","C","G",0.0712185,0.0770733729036842,0.213925192504131,0.0469983,-0.059468210742763,0.0535142790178643,20.7185598704935,19.988768821258
"rs78182614","Insomnia","T2DM","T","C","T","C",0.36344,0.545311506675143,0.132229295263576,0.026397,-0.0212028690865118,0.0679694585796069,25.0926322500813,24.3362488041416
