"SNP","effect_allele.exposure","other_allele.exposure","effect_allele.outcome","other_allele.outcome","beta.exposure","beta.outcome","eaf.exposure","eaf.outcome","remove","palindromic","ambiguous","id.outcome","se.outcome","outcome","se.exposure","exposure","id.exposure","action","SNP_index","mr_keep","samplesize.outcome"
"rs111920836","C","T","C","T",0.414695708069987,0.0695415212208772,0.101968,0.109131268592483,FALSE,FALSE,FALSE,2,0.0548884278461464,"CAD",0.0862925,"LongSleep",1,2,1,TRUE,NA
"rs117450402","A","G","A","G",0.62594377844578,0.0706369514807196,0.0356666,0.0372183843434269,FALSE,FALSE,FALSE,2,0.0928627204675935,"CAD",0.133747,"LongSleep",1,2,1,TRUE,NA
"rs138971980","G","C","G","C",0.946346497987337,-0.300327008293231,0.0132665,0.0153476331360947,FALSE,TRUE,FALSE,2,0.171881955032383,"CAD",0.191077,"LongSleep",1,2,1,TRUE,NA
"rs140045289","T","C","T","C",0.844227437172832,0.247014647695556,0.0127844,0.0119375166415195,FALSE,FALSE,FALSE,2,0.146007537309923,"CAD",0.187724,"LongSleep",1,2,1,TRUE,NA
"rs140097546","A","C","A","C",0.663754414533626,0.0877710469316017,0.0280081,0.0326435701322271,FALSE,FALSE,FALSE,2,0.103020708834085,"CAD",0.147504,"LongSleep",1,2,1,TRUE,NA
"rs1777334","C","T","C","T",-0.281714580072029,-0.00836013963032287,0.507286,0.5243371996686,FALSE,FALSE,FALSE,2,0.0357618705188731,"CAD",0.06213,"LongSleep",1,2,1,TRUE,NA
"rs2086730","T","C","T","C",0.80725681085002,0.135805358493348,0.015704,0.0153548024437508,FALSE,FALSE,FALSE,2,0.137453552287633,"CAD",0.167274,"LongSleep",1,2,1,TRUE,NA
"rs2819372","C","A","C","A",0.268850873166589,-0.0454349614401308,0.43117,0.425896066626233,FALSE,FALSE,FALSE,2,0.0365396805259501,"CAD",0.0587626,"LongSleep",1,2,1,TRUE,NA
"rs283864","C","G","C","G",-0.0877563817094692,-0.0366067162703066,0.384172,0.395742414604198,FALSE,TRUE,FALSE,2,0.0368882148458313,"CAD",0.061866,"LongSleep",1,2,1,TRUE,NA
"rs3016887","C","T","C","T",0.678667859295111,0.101077710272886,0.0271299,0.0275086172463275,FALSE,FALSE,FALSE,2,0.101305317969817,"CAD",0.15021,"LongSleep",1,2,1,TRUE,NA
"rs76013678","A","C","A","C",0.158660495305087,0.0628297130482777,0.0457128,0.0411094674556213,FALSE,FALSE,FALSE,2,0.0893169799230919,"CAD",0.129498,"LongSleep",1,2,1,TRUE,NA
