"SNP","effect_allele.exposure","other_allele.exposure","effect_allele.outcome","other_allele.outcome","beta.exposure","beta.outcome","eaf.exposure","eaf.outcome","remove","palindromic","ambiguous","id.outcome","se.outcome","outcome","se.exposure","exposure","id.exposure","action","SNP_index","mr_keep","samplesize.outcome"
"rs111483542","A","G","A","G",0.515132336550815,0.184933476124167,0.0186623,0.0197831617560052,FALSE,FALSE,FALSE,2,0.0890264771780889,"AF",0.106023,"ShortSleep",1,2,1,TRUE,NA
"rs147731842","G","C","G","C",-0.353065750633974,-0.0513483351702616,0.0570066,0.0540768468241874,FALSE,TRUE,FALSE,2,0.0607886024534045,"AF",0.0790661,"ShortSleep",1,2,1,TRUE,NA
"rs16822697","A","C","A","C",-0.273196825371171,0.0244232249902087,0.119789,0.127738413975711,FALSE,FALSE,FALSE,2,0.0397638912154784,"AF",0.0566705,"ShortSleep",1,2,1,TRUE,NA
"rs182626019","T","A","T","A",0.47354111495872,-0.101534894129913,0.0236907,0.0272153115709447,FALSE,TRUE,FALSE,2,0.0856619908042364,"AF",0.100448,"ShortSleep",1,2,1,TRUE,NA
"rs55654912","C","T","C","T",0.490351451033641,-0.135042301656985,0.0202258,0.0169027020621,FALSE,FALSE,FALSE,2,0.109064559978327,"AF",0.108462,"ShortSleep",1,2,1,TRUE,NA
"rs7241626","C","T","C","T",0.354480537990197,-0.0136172135425843,0.0339707,0.035051775147929,FALSE,FALSE,FALSE,2,0.0733989019807382,"AF",0.0799647,"ShortSleep",1,2,1,TRUE,NA
"rs78213764","T","G","T","G",0.402674551457536,-0.117688351383062,0.0316767,0.0322225180452018,FALSE,FALSE,FALSE,2,0.0788511969144784,"AF",0.082147,"ShortSleep",1,2,1,TRUE,NA
"rs78440839","G","T","G","T",0.570691369473482,0.0555466282266039,0.0152343,0.0141265920151473,FALSE,FALSE,FALSE,2,0.111612219800652,"AF",0.123914,"ShortSleep",1,2,1,TRUE,NA
"rs8045541","A","C","A","C",0.251707684278962,0.0723172007668748,0.0761298,0.0796737024272634,FALSE,FALSE,FALSE,2,0.0485752794293473,"AF",0.0560818,"ShortSleep",1,2,1,TRUE,NA
"rs824446","A","G","A","G",0.14660801963609,0.0238107802314068,0.522133,0.528318073572263,FALSE,FALSE,FALSE,2,0.0269093003857009,"AF",0.0323741,"ShortSleep",1,2,1,TRUE,NA
