"SNP","exposure","outcome","effect_allele.exposure","other_allele.exposure","effect_allele.outcome","other_allele.outcome","eaf.exposure","eaf.outcome","beta.exposure","se.exposure","beta.outcome","se.outcome","raw_Fstat","APM_Fstat"
"rs111483542","ShortSleep","AF","A","G","A","G",0.0186623,0.0197831617560052,0.515132336550815,0.106023,0.184933476124167,0.0890264771780889,23.6068178024823,22.8581466195768
"rs147731842","ShortSleep","AF","G","C","G","C",0.0570066,0.0540768468241874,-0.353065750633974,0.0790661,-0.0513483351702616,0.0607886024534045,19.9402475869018,19.1483799507633
"rs16822697","ShortSleep","AF","A","C","A","C",0.119789,0.127738413975711,-0.273196825371171,0.0566705,0.0244232249902087,0.0397638912154784,23.2400580219935,22.4842094052529
"rs182626019","ShortSleep","AF","T","A","T","A",0.0236907,0.0272153115709447,0.47354111495872,0.100448,-0.101534894129913,0.0856619908042364,22.2245408145128,21.4889810830801
"rs55654912","ShortSleep","AF","C","T","C","T",0.0202258,0.0169027020621,0.490351451033641,0.108462,-0.135042301656985,0.109064559978327,20.4390032523685,19.7267606257761
"rs7241626","ShortSleep","AF","C","T","C","T",0.0339707,0.035051775147929,0.354480537990197,0.0799647,-0.0136172135425843,0.0733989019807382,19.6511589175426,18.8952440068341
"rs78213764","ShortSleep","AF","T","G","T","G",0.0316767,0.0322225180452018,0.402674551457536,0.082147,-0.117688351383062,0.0788511969144784,24.0284054673864,23.2841763820409
"rs78440839","ShortSleep","AF","G","T","G","T",0.0152343,0.0141265920151473,0.570691369473482,0.123914,0.0555466282266039,0.111612219800652,21.2110348117306,20.4857772255505
"rs8045541","ShortSleep","AF","A","C","A","C",0.0761298,0.0796737024272634,0.251707684278962,0.0560818,0.0723172007668748,0.0485752794293473,20.144155243311,19.4500744694449
"rs824446","ShortSleep","AF","A","G","A","G",0.522133,0.528318073572263,0.14660801963609,0.0323741,0.0238107802314068,0.0269093003857009,20.507845976993,19.7191278475583
