"SNP","effect_allele.exposure","other_allele.exposure","effect_allele.outcome","other_allele.outcome","beta.exposure","beta.outcome","eaf.exposure","eaf.outcome","remove","palindromic","ambiguous","id.outcome","se.outcome","outcome","se.exposure","exposure","id.exposure","action","SNP_index","mr_keep","samplesize.outcome"
"rs111483542","A","G","A","G",0.500229684552587,-0.00708601951129469,0.018655,0.0197848636189013,FALSE,FALSE,FALSE,2,0.0432643360057954,"HTN",0.1055,"ShortSleep",1,2,1,TRUE,NA
"rs12742385","G","A","G","A",-0.0617903009564515,-0.0120818084225353,0.16342,0.173739896265867,FALSE,FALSE,FALSE,2,0.0159920804056369,"HTN",0.0445611,"ShortSleep",1,2,1,TRUE,NA
"rs16822697","A","C","A","C",-0.275974869960196,0.00491704718012628,0.120164,0.127665390924002,FALSE,FALSE,FALSE,2,0.0179937744554739,"HTN",0.0563548,"ShortSleep",1,2,1,TRUE,NA
"rs17668087","G","C","G","C",0.0676399567103398,-0.0124503603579541,0.119842,0.115256741780569,FALSE,TRUE,FALSE,2,0.0189201596940992,"HTN",0.0476392,"ShortSleep",1,2,1,TRUE,NA
"rs182626019","T","A","T","A",0.458980598255444,0.0451899905826987,0.0237495,0.0271871629308944,FALSE,TRUE,FALSE,2,0.0366579410127715,"HTN",0.100025,"ShortSleep",1,2,1,TRUE,NA
"rs448086","G","A","G","A",-0.0502275467089371,0.0302987431434753,0.353619,0.351695603989656,FALSE,FALSE,FALSE,2,0.0126331815208853,"HTN",0.0331232,"ShortSleep",1,2,1,TRUE,NA
"rs55654912","C","T","C","T",0.507793030098564,-0.0442646884621212,0.0201158,0.0168925918252582,FALSE,FALSE,FALSE,2,0.047075162854045,"HTN",0.107884,"ShortSleep",1,2,1,TRUE,NA
"rs61766953","C","G","C","G",-0.117096896103973,0.00941126576224375,0.0475824,0.0578608266465694,FALSE,TRUE,FALSE,2,0.0257713251397176,"HTN",0.0827505,"ShortSleep",1,2,1,TRUE,NA
"rs62436669","A","G","A","G",-0.0686536433170481,-0.058473230749205,0.179945,0.190827287637229,FALSE,FALSE,FALSE,2,0.0154506775053644,"HTN",0.0415572,"ShortSleep",1,2,1,TRUE,NA
"rs78213764","T","G","T","G",0.406104903395504,-0.00616288754933645,0.0316139,0.032203965838234,FALSE,FALSE,FALSE,2,0.0339805088627797,"HTN",0.0815399,"ShortSleep",1,2,1,TRUE,NA
"rs78440839","G","T","G","T",0.583181633558071,0.0399096633530277,0.0151506,0.0141267566089873,FALSE,FALSE,FALSE,2,0.0510503773890084,"HTN",0.122924,"ShortSleep",1,2,1,TRUE,NA
"rs824446","A","G","A","G",0.153098698117051,0.00494813442409122,0.521318,0.528318335623624,FALSE,FALSE,FALSE,2,0.0120946987513667,"HTN",0.0321989,"ShortSleep",1,2,1,TRUE,NA
