"SNP","exposure","outcome","effect_allele.exposure","other_allele.exposure","effect_allele.outcome","other_allele.outcome","eaf.exposure","eaf.outcome","beta.exposure","se.exposure","beta.outcome","se.outcome","raw_Fstat","APM_Fstat"
"rs111920836","LongSleep","HF","C","T","C","T",0.10177,0.109129771453603,0.4001577154502,0.085974,0.00796909896801445,0.0544916166300149,21.6634750744115,20.8867398960025
"rs116045290","LongSleep","HF","G","A","G","A",0.0135481,0.0124167036872501,0.8462716196966,0.179944,-0.226254266104062,0.172330028136407,22.1179469985653,21.4207742770905
"rs138250961","LongSleep","HF","G","C","G","C",0.0226649,0.0229280419052692,0.727862567648398,0.158689,-0.0859166642719844,0.121029960688084,21.0380325901376,20.3413597478197
"rs138971980","LongSleep","HF","G","C","G","C",0.0131425,0.0153674272692296,0.931466987723653,0.190514,0.0908627067264599,0.136707896070846,23.9045814646123,23.2212848298488
"rs145916213","LongSleep","HF","G","C","G","C",0.0266729,0.0285082202524528,0.675090128859826,0.149385,-0.186423361107173,0.113454927369987,20.4225295320627,19.6893258880849
"rs1777334","LongSleep","HF","C","T","C","T",0.507294,0.524285925706675,-0.281124950772763,0.0615623,-0.0316141326737694,0.0347531537833603,20.8530272583157,20.028623368638
"rs283864","LongSleep","HF","C","G","C","G",0.384161,0.395767665556789,-0.0862956331953415,0.0614722,-0.0568394875865016,0.0359338763254447,1.97069823282116,20.1364296653885
"rs304128","LongSleep","HF","A","G","A","G",0.142702,0.134165470500318,0.331229948379266,0.0730405,-0.0404841001415636,0.0516562720274122,20.5651422940462,19.7801222612412
"rs4938609","LongSleep","HF","A","C","A","C",0.021913,0.0198354567112058,0.223767356707162,0.185979,0.0315085586131066,0.121902968782911,1.4476569078812,19.7373268681399
"rs61891046","LongSleep","HF","A","G","A","G",0.157704,0.165125260805872,0.343674807151713,0.0730281,-0.025813457118075,0.0471379984493644,22.147024807521,21.3450688296026
"rs74790696","LongSleep","HF","T","A","T","A",0.0620361,0.0645607648138282,0.490871865050033,0.106186,0.123257011572737,0.0669963700061519,21.3698640181487,20.6056595364928
