"SNP","beta_outcome","se_outcome","beta_exp1","beta_exp2","se_exp1","se_exp2","exp1","exp2","outcome","cond_F_stat_exp1","cond_F_stat_exp2"
"rs111483542",0.105868585291372,0.0965552837582907,-0.0082,0.484463831070416,0.0107,0.103919686948966,"BMI","ShortSleep","T2DM",5.41397233070674,9.96539659276144
"rs12742385",-0.0319382593813156,0.0375160860644723,-0.0139,-0.0628616852090232,0.0031,0.0134364642240115,"BMI","ShortSleep","T2DM",5.41397233070674,9.96539659276144
"rs16822697",-0.0462729339084148,0.0423775801073582,-0.0014,-0.264814501196492,0.0037,0.05496195102711,"BMI","ShortSleep","T2DM",5.41397233070674,9.96539659276144
"rs17668087",0.0545161188144654,0.0429035253695014,-1e-04,0.0711222235540266,0.004,0.0148648518729646,"BMI","ShortSleep","T2DM",5.41397233070674,9.96539659276144
"rs448086",0.00876552955663994,0.0293067728684051,0,-0.0472206981221171,0.0027,0.0104285063704658,"BMI","ShortSleep","T2DM",5.41397233070674,9.96539659276144
"rs55654912",-0.141519118477199,0.115031702719422,-0.015,0.488001590479524,0.0103,0.10539233174443,"BMI","ShortSleep","T2DM",5.41397233070674,9.96539659276144
"rs61766953",0.0157255071247222,0.0596446409114927,-0.0074,-0.113286614904778,0.006,0.02511870685437,"BMI","ShortSleep","T2DM",5.41397233070674,9.96539659276144
"rs62436669",-0.0158699970425217,0.0358152109661314,-0.0175,-0.0633085939965224,0.0035,0.0137955319937117,"BMI","ShortSleep","T2DM",5.41397233070674,9.96539659276144
"rs78213764",0.0580670406396391,0.0761730531556434,0,0.392106688276272,0.0069,0.07993670375655,"BMI","ShortSleep","T2DM",5.41397233070674,9.96539659276144
"rs78440839",-0.0438240572517002,0.121693222882577,-0.0201,0.56191142543357,0.0118,0.1203937125192,"BMI","ShortSleep","T2DM",5.41397233070674,9.96539659276144
"rs824446",-0.00386288740787391,0.0280468017582876,-0.0012,0.147413735159788,0.0023,0.0315622391118093,"BMI","ShortSleep","T2DM",5.41397233070674,9.96539659276144
