"SNP","beta_outcome","se_outcome","beta_exp1","beta_exp2","se_exp1","se_exp2","exp1","exp2","outcome","cond_F_stat_exp1","cond_F_stat_exp2"
"rs111483542",0.105868585291372,0.0965552837582907,-0.0082,0.500229684552587,0.0107,0.1055,"BMI","ShortSleep","T2DM",1.77558353385685,5.72831411506369
"rs16822697",-0.0462729339084148,0.0423775801073582,-0.0014,-0.275974869960196,0.0037,0.0563548,"BMI","ShortSleep","T2DM",1.77558353385685,5.72831411506369
"rs55654912",-0.141519118477199,0.115031702719422,-0.015,0.507793030098564,0.0103,0.107884,"BMI","ShortSleep","T2DM",1.77558353385685,5.72831411506369
"rs7241626",-0.0313329396256748,0.0782622874819653,0.0099,0.354866309344795,0.0058,0.0796217,"BMI","ShortSleep","T2DM",1.77558353385685,5.72831411506369
"rs72776898",-0.0314119135420871,0.0501121343734764,-0.005,-0.267926505086432,0.0046,0.0601937,"BMI","ShortSleep","T2DM",1.77558353385685,5.72831411506369
"rs78213764",0.0580670406396391,0.0761730531556434,0,0.406104903395504,0.0069,0.0815399,"BMI","ShortSleep","T2DM",1.77558353385685,5.72831411506369
"rs78440839",-0.0438240572517002,0.121693222882577,-0.0201,0.583181633558071,0.0118,0.122924,"BMI","ShortSleep","T2DM",1.77558353385685,5.72831411506369
"rs824446",-0.00386288740787391,0.0280468017582876,-0.0012,0.153098698117051,0.0023,0.0321989,"BMI","ShortSleep","T2DM",1.77558353385685,5.72831411506369
