"SNP","effect_allele.exposure","other_allele.exposure","effect_allele.outcome","other_allele.outcome","beta.exposure","beta.outcome","eaf.exposure","eaf.outcome","remove","palindromic","ambiguous","id.outcome","se.outcome","outcome","se.exposure","exposure","id.exposure","action","SNP_index","mr_keep","samplesize.outcome"
"rs11004745","C","T","C","T",0.132343186987713,-0.0148219760538342,0.246937,0.259193514984764,FALSE,FALSE,FALSE,2,0.0306087804433702,"AF",0.0295542,"Sleepiness",1,2,1,TRUE,NA
"rs117134599","T","G","T","G",0.355756522318681,0.110442890878533,0.0262883,0.0248413672735878,FALSE,FALSE,FALSE,2,0.0823511706543863,"AF",0.0759337,"Sleepiness",1,2,1,TRUE,NA
"rs11903853","C","T","C","T",0.167503983443531,-0.0141006165242885,0.133125,0.141711190373999,FALSE,FALSE,FALSE,2,0.0386234748213587,"AF",0.0373451,"Sleepiness",1,2,1,TRUE,NA
"rs12065179","C","G","C","G",-0.19791815384964,-0.0199460577174382,0.0974634,0.108382144124956,FALSE,TRUE,FALSE,2,0.0434247416913161,"AF",0.0441659,"Sleepiness",1,2,1,TRUE,NA
"rs12292717","C","T","C","T",-0.218570274703504,0.0537121473049146,0.0755928,0.0799553214782377,FALSE,FALSE,FALSE,2,0.0484730225122284,"AF",0.0488918,"Sleepiness",1,2,1,TRUE,NA
"rs13401678","T","A","T","A",0.15251505721129,-0.0295851789283891,0.178788,0.182582649212336,FALSE,TRUE,FALSE,2,0.0347613627430235,"AF",0.0331991,"Sleepiness",1,2,1,TRUE,NA
"rs1456040","T","C","T","C",0.180720275426981,0.0289716064403995,0.105871,0.106400130162111,FALSE,FALSE,FALSE,2,0.0430396920480553,"AF",0.0408954,"Sleepiness",1,2,1,TRUE,NA
"rs200171962","C","G","C","G",0.178347002038543,0.0931552676285793,0.130993,0.171463878326996,FALSE,TRUE,FALSE,2,0.0402859785687065,"AF",0.039867,"Sleepiness",1,2,1,TRUE,NA
"rs6048097","A","T","A","T",-0.140954302954584,0.0259653369789178,0.248879,0.259168306285782,FALSE,TRUE,FALSE,2,0.0304131036007773,"AF",0.030392,"Sleepiness",1,2,1,TRUE,NA
"rs62460510","C","T","C","T",0.216449194021483,0.0283405404137842,0.0726653,0.0710596800686624,FALSE,FALSE,FALSE,2,0.0515584384117723,"AF",0.0479116,"Sleepiness",1,2,1,TRUE,NA
"rs7434941","A","G","A","G",0.153210237750202,0.0355762661496063,0.243582,0.24210487389986,FALSE,FALSE,FALSE,2,0.0310051713630163,"AF",0.0321778,"Sleepiness",1,2,1,TRUE,NA
"rs76636859","T","C","T","C",-0.232167898522594,-0.00283419548543788,0.0714405,0.0768400189326707,FALSE,FALSE,FALSE,2,0.0504117493455484,"AF",0.0500009,"Sleepiness",1,2,1,TRUE,NA
