"SNP","exposure","outcome","effect_allele.exposure","other_allele.exposure","effect_allele.outcome","other_allele.outcome","eaf.exposure","eaf.outcome","beta.exposure","se.exposure","beta.outcome","se.outcome","raw_Fstat","APM_Fstat"
"rs11004745","Sleepiness","AF","C","T","C","T",0.246937,0.259193514984764,0.132343186987713,0.0295542,-0.0148219760538342,0.0306087804433702,20.0523262358084,19.2833916876739
"rs117134599","Sleepiness","AF","T","G","T","G",0.0262883,0.0248413672735878,0.355756522318681,0.0759337,0.110442890878533,0.0823511706543863,21.9501057951147,21.1748147407978
"rs11903853","Sleepiness","AF","C","T","C","T",0.133125,0.141711190373999,0.167503983443531,0.0373451,-0.0141006165242885,0.0386234748213587,20.1179176305829,19.3324758581404
"rs12065179","Sleepiness","AF","C","G","C","G",0.0974634,0.108382144124956,-0.19791815384964,0.0441659,-0.0199460577174382,0.0434247416913161,20.0815436214371,19.2837094868569
"rs12292717","Sleepiness","AF","C","T","C","T",0.0755928,0.0799553214782377,-0.218570274703504,0.0488918,0.0537121473049146,0.0484730225122284,19.9852756687329,19.1874381473098
"rs13401678","Sleepiness","AF","T","A","T","A",0.178788,0.182582649212336,0.15251505721129,0.0331991,-0.0295851789283891,0.0347613627430235,21.1043909288997,20.322826049442
"rs1456040","Sleepiness","AF","T","C","T","C",0.105871,0.106400130162111,0.180720275426981,0.0408954,0.0289716064403995,0.0430396920480553,19.5283180114215,18.7902576773146
"rs200171962","Sleepiness","AF","C","G","C","G",0.130993,0.171463878326996,0.178347002038543,0.039867,0.0931552676285793,0.0402859785687065,20.0126460540344,19.259915975152
"rs6048097","Sleepiness","AF","A","T","A","T",0.248879,0.259168306285782,-0.140954302954584,0.030392,0.0259653369789178,0.0304131036007773,21.5098863329859,20.7160725329585
"rs62460510","Sleepiness","AF","C","T","C","T",0.0726653,0.0710596800686624,0.216449194021483,0.0479116,0.0283405404137842,0.0515584384117723,20.4094169173889,19.6219303458172
"rs7434941","Sleepiness","AF","A","G","A","G",0.243582,0.24210487389986,0.153210237750202,0.0321778,0.0355762661496063,0.0310051713630163,22.6705928317368,21.8745453167086
"rs76636859","Sleepiness","AF","T","C","T","C",0.0714405,0.0768400189326707,-0.232167898522594,0.0500009,-0.00283419548543788,0.0504117493455484,21.5599970748788,20.7774055067905
