"SNP","effect_allele.exposure","other_allele.exposure","effect_allele.outcome","other_allele.outcome","beta.exposure","beta.outcome","eaf.exposure","eaf.outcome","remove","palindromic","ambiguous","id.outcome","se.outcome","outcome","se.exposure","exposure","id.exposure","action","SNP_index","mr_keep","samplesize.outcome"
"rs11058004","A","G","A","G",-0.117742411481556,0.00284299590752787,0.352441,0.372877470121879,FALSE,FALSE,FALSE,2,0.0277460558044329,"AF",0.0265624,"Sleepiness",1,2,1,TRUE,NA
"rs117134599","T","G","T","G",0.347814808606414,0.110895195507355,0.0261767,0.0248413672735878,FALSE,FALSE,FALSE,2,0.0822301532545167,"AF",0.074731,"Sleepiness",1,2,1,TRUE,NA
"rs13013628","C","T","C","T",0.166708640388778,-0.022305279827226,0.12503,0.131115008993207,FALSE,FALSE,FALSE,2,0.0401104070926514,"AF",0.0373754,"Sleepiness",1,2,1,TRUE,NA
"rs13401678","T","A","T","A",0.148195842064579,-0.0295179442801112,0.179245,0.182582649212336,FALSE,TRUE,FALSE,2,0.0347305951263407,"AF",0.0326571,"Sleepiness",1,2,1,TRUE,NA
"rs62139969","A","G","A","G",0.455600398934992,0.0551315579102952,0.0163186,0.0183059422197896,FALSE,FALSE,FALSE,2,0.0975940181091326,"AF",0.100938,"Sleepiness",1,2,1,TRUE,NA
"rs62460510","C","T","C","T",0.212341417780123,0.0250716676647403,0.0731719,0.0710596800686624,FALSE,FALSE,FALSE,2,0.0514956488724174,"AF",0.0469628,"Sleepiness",1,2,1,TRUE,NA
"rs72727875","A","T","A","T",0.176487907434603,0.0548486277124861,0.118078,0.118342801349192,FALSE,TRUE,FALSE,2,0.0407347949943336,"AF",0.039475,"Sleepiness",1,2,1,TRUE,NA
"rs7434941","A","G","A","G",0.147151960109606,0.0379477463040763,0.243496,0.24210487389986,FALSE,FALSE,FALSE,2,0.0309513557269009,"AF",0.0316807,"Sleepiness",1,2,1,TRUE,NA
"rs76636859","T","C","T","C",-0.237342632839088,-0.00372411079097398,0.0713587,0.0768400189326707,FALSE,FALSE,FALSE,2,0.050359200675287,"AF",0.0493712,"Sleepiness",1,2,1,TRUE,NA
"rs9919172","G","A","G","A",-0.193782584174719,-0.020326034691351,0.104919,0.116786485606935,FALSE,FALSE,FALSE,2,0.0419579997592256,"AF",0.042119,"Sleepiness",1,2,1,TRUE,NA
