"SNP","exposure","outcome","effect_allele.exposure","other_allele.exposure","effect_allele.outcome","other_allele.outcome","eaf.exposure","eaf.outcome","beta.exposure","se.exposure","beta.outcome","se.outcome","raw_Fstat","APM_Fstat"
"rs11058004","Sleepiness","AF","A","G","A","G",0.352441,0.372877470121879,-0.117742411481556,0.0265624,0.00284299590752787,0.0277460558044329,19.6485826445071,18.8593935085316
"rs117134599","Sleepiness","AF","T","G","T","G",0.0261767,0.0248413672735878,0.347814808606414,0.074731,0.110895195507355,0.0822301532545167,21.6618004022414,20.8927191633696
"rs13013628","Sleepiness","AF","C","T","C","T",0.12503,0.131115008993207,0.166708640388778,0.0373754,-0.022305279827226,0.0401104070926514,19.8950264383092,19.1201412333076
"rs13401678","Sleepiness","AF","T","A","T","A",0.179245,0.182582649212336,0.148195842064579,0.0326571,-0.0295179442801112,0.0347305951263407,20.5928665637153,19.8143160477521
"rs62139969","Sleepiness","AF","A","G","A","G",0.0163186,0.0183059422197896,0.455600398934992,0.100938,0.0551315579102952,0.0975940181091326,20.3731789911684,19.5948780800987
"rs62460510","Sleepiness","AF","C","T","C","T",0.0731719,0.0710596800686624,0.212341417780123,0.0469628,0.0250716676647403,0.0514956488724174,20.4437923345271,19.6599306224668
"rs72727875","Sleepiness","AF","A","T","A","T",0.118078,0.118342801349192,0.176487907434603,0.039475,0.0548486277124861,0.0407347949943336,19.9887497249693,19.231850098277
"rs7434941","Sleepiness","AF","A","G","A","G",0.243496,0.24210487389986,0.147151960109606,0.0316807,0.0379477463040763,0.0309513557269009,21.5745906800025,20.7822966419148
"rs76636859","Sleepiness","AF","T","C","T","C",0.0713587,0.0768400189326707,-0.237342632839088,0.0493712,-0.00372411079097398,0.050359200675287,23.1102234706022,22.3235331475956
"rs9919172","Sleepiness","AF","G","A","G","A",0.104919,0.116786485606935,-0.193782584174719,0.042119,-0.020326034691351,0.0419579997592256,21.1676859326806,20.3692558194559
