"SNP","effect_allele.exposure","other_allele.exposure","effect_allele.outcome","other_allele.outcome","beta.exposure","beta.outcome","eaf.exposure","eaf.outcome","remove","palindromic","ambiguous","id.outcome","se.outcome","outcome","se.exposure","exposure","id.exposure","action","SNP_index","mr_keep","samplesize.outcome"
"rs10085952","C","T","C","T",-0.138658801059341,0.0109778470324215,0.234357,0.221655815329979,FALSE,FALSE,FALSE,2,0.0419642087202527,"HF",0.030806,"OSA",1,2,1,TRUE,NA
"rs1025462","A","G","A","G",-0.212426187973014,0.00845422454406717,0.0849035,0.084832790766499,FALSE,FALSE,FALSE,2,0.0624540432269872,"HF",0.047335,"OSA",1,2,1,TRUE,NA
"rs1175989","A","C","A","C",0.116698002776607,0.0288331934027224,0.432251,0.431305789528222,FALSE,FALSE,FALSE,2,0.0348162558672903,"HF",0.0258891,"OSA",1,2,1,TRUE,NA
"rs11805515","C","T","C","T",0.272961758295071,0.0547990739357244,0.0476041,0.0487785028336367,FALSE,FALSE,FALSE,2,0.0782898982112207,"HF",0.0551203,"OSA",1,2,1,TRUE,NA
"rs147156372","A","G","A","G",0.495994179638098,-0.00834500850295499,0.0138489,0.0151015153308867,FALSE,FALSE,FALSE,2,0.14426750430388,"HF",0.104122,"OSA",1,2,1,TRUE,NA
"rs148993979","A","G","A","G",0.370024441568145,0.0916542006785809,0.0209991,0.022389605777199,FALSE,FALSE,FALSE,2,0.112656209873856,"HF",0.0834875,"OSA",1,2,1,TRUE,NA
"rs1532248","T","G","T","G",-0.115757713007623,0.0469460138130092,0.416316,0.416133948918287,FALSE,FALSE,FALSE,2,0.0352833507154372,"HF",0.0257872,"OSA",1,2,1,TRUE,NA
"rs2191940","G","A","G","A",-0.204646923523069,-0.112883149726914,0.091956,0.096150430689992,FALSE,FALSE,FALSE,2,0.0619059270723787,"HF",0.0462234,"OSA",1,2,1,TRUE,NA
"rs2636751","C","T","C","T",-0.114489839185317,-0.0280687502255065,0.400794,0.406845625665917,FALSE,FALSE,FALSE,2,0.0355583800910413,"HF",0.0258072,"OSA",1,2,1,TRUE,NA
"rs6127533","T","C","T","C",-0.226791446801817,0.0379330108091668,0.0829823,0.0776584365808004,FALSE,FALSE,FALSE,2,0.0585981535706714,"HF",0.0505844,"OSA",1,2,1,TRUE,NA
"rs79733973","A","G","A","G",0.23572013351865,0.0784819187983816,0.0599419,0.0556681809437843,FALSE,FALSE,FALSE,2,0.0735676547246666,"HF",0.050864,"OSA",1,2,1,TRUE,NA
"rs9301102","T","C","T","C",0.135893600413542,-0.0324760170805196,0.30268,0.386661018544667,FALSE,FALSE,FALSE,2,0.0496535255653491,"HF",0.0294808,"OSA",1,2,1,TRUE,NA
