"SNP","effect_allele.exposure","other_allele.exposure","effect_allele.outcome","other_allele.outcome","beta.exposure","beta.outcome","eaf.exposure","eaf.outcome","remove","palindromic","ambiguous","id.outcome","se.outcome","outcome","se.exposure","exposure","id.exposure","action","SNP_index","mr_keep","samplesize.outcome"
"rs111483542","A","G","A","G",0.500229684552587,0.11295775987791,0.018655,0.0197997100677495,FALSE,FALSE,FALSE,2,0.118001839715679,"CAD",0.1055,"ShortSleep",1,2,1,TRUE,NA
"rs12742385","G","A","G","A",-0.0617903009564515,0.0472357745684373,0.16342,0.173654156249538,FALSE,FALSE,FALSE,2,0.0463931944532677,"CAD",0.0445611,"ShortSleep",1,2,1,TRUE,NA
"rs16822697","A","C","A","C",-0.275974869960196,0.018564127318025,0.120164,0.127720165096084,FALSE,FALSE,FALSE,2,0.0527428481937198,"CAD",0.0563548,"ShortSleep",1,2,1,TRUE,NA
"rs17668087","G","C","G","C",0.0676399567103398,0.0349904282292829,0.119842,0.115245787659581,FALSE,TRUE,FALSE,2,0.0556381530802369,"CAD",0.0476392,"ShortSleep",1,2,1,TRUE,NA
"rs182626019","T","A","T","A",0.458980598255444,0.0214085797695776,0.0237495,0.0271955386595269,FALSE,TRUE,FALSE,2,0.106704773567087,"CAD",0.100025,"ShortSleep",1,2,1,TRUE,NA
"rs448086","G","A","G","A",-0.0502275467089371,0.0253998799948293,0.353619,0.351735972425628,FALSE,FALSE,FALSE,2,0.0373360016945157,"CAD",0.0331232,"ShortSleep",1,2,1,TRUE,NA
"rs55654912","C","T","C","T",0.507793030098564,-0.0748486271524256,0.0201158,0.0168967969421316,FALSE,FALSE,FALSE,2,0.144460635932347,"CAD",0.107884,"ShortSleep",1,2,1,TRUE,NA
"rs61766953","C","G","C","G",-0.117096896103973,0.0122612705843936,0.0475824,0.0578519121236778,FALSE,TRUE,FALSE,2,0.075598443966392,"CAD",0.0827505,"ShortSleep",1,2,1,TRUE,NA
"rs62436669","A","G","A","G",-0.0686536433170481,-0.0402327962132855,0.179945,0.190797745662175,FALSE,FALSE,FALSE,2,0.0458985329060679,"CAD",0.0415572,"ShortSleep",1,2,1,TRUE,NA
"rs78213764","T","G","T","G",0.406104903395504,0.0361250968638397,0.0316139,0.0322475666400402,FALSE,FALSE,FALSE,2,0.100002660071908,"CAD",0.0815399,"ShortSleep",1,2,1,TRUE,NA
"rs78440839","G","T","G","T",0.583181633558071,0.0174171286842315,0.0151506,0.0141426394662485,FALSE,FALSE,FALSE,2,0.152744878628943,"CAD",0.122924,"ShortSleep",1,2,1,TRUE,NA
"rs824446","A","G","A","G",0.153098698117051,0.0392401757664416,0.521318,0.528313190633275,FALSE,FALSE,FALSE,2,0.0358609080993996,"CAD",0.0321989,"ShortSleep",1,2,1,TRUE,NA
