"SNP","exposure","outcome","effect_allele.exposure","other_allele.exposure","effect_allele.outcome","other_allele.outcome","eaf.exposure","eaf.outcome","beta.exposure","se.exposure","beta.outcome","se.outcome","raw_Fstat","APM_Fstat"
"rs111483542","ShortSleep","CAD","A","G","A","G",0.018655,0.0197997100677495,0.500229684552587,0.1055,0.11295775987791,0.118001839715679,22.4819511967459,21.7333692543929
"rs12742385","ShortSleep","CAD","G","A","G","A",0.16342,0.173654156249538,-0.0617903009564515,0.0445611,0.0472357745684373,0.0463931944532677,1.9227765421546,21.8877963244299
"rs16822697","ShortSleep","CAD","A","C","A","C",0.120164,0.127720165096084,-0.275974869960196,0.0563548,0.018564127318025,0.0527428481937198,23.9815499804302,23.2144952339625
"rs17668087","ShortSleep","CAD","G","C","G","C",0.119842,0.115245787659581,0.0676399567103398,0.0476392,0.0349904282292829,0.0556381530802369,2.01594055786591,22.8923027112747
"rs182626019","ShortSleep","CAD","T","A","T","A",0.0237495,0.0271955386595269,0.458980598255444,0.100025,0.0214085797695776,0.106704773567087,21.0557897466323,20.319631779895
"rs448086","ShortSleep","CAD","G","A","G","A",0.353619,0.351735972425628,-0.0502275467089371,0.0331232,0.0253998799948293,0.0373360016945157,2.29942558115668,20.5031498336301
"rs55654912","ShortSleep","CAD","C","T","C","T",0.0201158,0.0168967969421316,0.507793030098564,0.107884,-0.0748486271524256,0.144460635932347,22.1543692716013,21.4399835903975
"rs61766953","ShortSleep","CAD","C","G","C","G",0.0475824,0.0578519121236778,-0.117096896103973,0.0827505,0.0122612705843936,0.075598443966392,2.00239389981308,20.3405477908009
"rs62436669","ShortSleep","CAD","A","G","A","G",0.179945,0.190797745662175,-0.0686536433170481,0.0415572,-0.0402327962132855,0.0458985329060679,2.72919534527087,21.0595182180996
"rs78213764","ShortSleep","CAD","T","G","T","G",0.0316139,0.0322475666400402,0.406104903395504,0.0815399,0.0361250968638397,0.100002660071908,24.8048221537138,24.0611305093796
"rs78440839","ShortSleep","CAD","G","T","G","T",0.0151506,0.0141426394662485,0.583181633558071,0.122924,0.0174171286842315,0.152744878628943,22.5078653423538,21.7835226692962
"rs824446","ShortSleep","CAD","A","G","A","G",0.521318,0.528313190633275,0.153098698117051,0.0321989,0.0392401757664416,0.0358609080993996,22.6079365032236,21.814250178608
