"SNP","effect_allele.exposure","other_allele.exposure","effect_allele.outcome","other_allele.outcome","beta.exposure","beta.outcome","eaf.exposure","eaf.outcome","remove","palindromic","ambiguous","id.outcome","se.outcome","outcome","se.exposure","exposure","id.exposure","action","SNP_index","mr_keep","samplesize.outcome"
"rs117127404","T","C","T","C",-0.523563068348089,-0.0138705113916516,0.0155672,0.0156621699493196,FALSE,FALSE,FALSE,2,0.0486018500153013,"HTN",0.115427,"Insomnia",1,2,1,TRUE,NA
"rs12553270","C","T","C","T",0.242569637139312,0.0300513410816566,0.0582212,0.0579750838665819,FALSE,FALSE,FALSE,2,0.0257939799368168,"HTN",0.0465059,"Insomnia",1,2,1,TRUE,NA
"rs1475549","T","G","T","G",-0.249663363467434,-0.00634653944064507,0.0586521,0.0612652017791438,FALSE,FALSE,FALSE,2,0.0251606336499461,"HTN",0.0561647,"Insomnia",1,2,1,TRUE,NA
"rs150081707","A","G","A","G",0.26842279751297,-0.0161197303161866,0.035717,0.033703714648778,FALSE,FALSE,FALSE,2,0.0336004529411318,"HTN",0.0588301,"Insomnia",1,2,1,TRUE,NA
"rs28573814","A","G","A","G",0.116982715485614,-0.0355352978989656,0.39154,0.397275252674508,FALSE,FALSE,FALSE,2,0.0123802119933632,"HTN",0.0248692,"Insomnia",1,2,1,TRUE,NA
"rs56256111","A","G","A","G",0.153553358609311,0.00327345882503359,0.139098,0.14300279267698,FALSE,FALSE,FALSE,2,0.0172583803485048,"HTN",0.0344867,"Insomnia",1,2,1,TRUE,NA
"rs5771648","T","C","T","C",-0.110874579090541,0.00213235451137768,0.386769,0.397949081667332,FALSE,FALSE,FALSE,2,0.0123619807631087,"HTN",0.0250637,"Insomnia",1,2,1,TRUE,NA
"rs60365505","G","T","G","T",0.213949414474266,-0.0190491161943583,0.0572297,0.0617519283624435,FALSE,FALSE,FALSE,2,0.0250014945388404,"HTN",0.0483258,"Insomnia",1,2,1,TRUE,NA
"rs73313142","A","G","A","G",0.218661522010342,-0.0108655825897422,0.0565757,0.063924106747052,FALSE,FALSE,FALSE,2,0.0247015586953457,"HTN",0.0492748,"Insomnia",1,2,1,TRUE,NA
"rs76725568","C","G","C","G",0.213925192504131,0.00275703780709317,0.0712185,0.0770668636867381,FALSE,TRUE,FALSE,2,0.0225572044250382,"HTN",0.0469983,"Insomnia",1,2,1,TRUE,NA
"rs78182614","T","C","T","C",0.132229295263576,0.0423758010726111,0.36344,0.545466078848045,FALSE,FALSE,FALSE,2,0.0295333800153221,"HTN",0.026397,"Insomnia",1,2,1,TRUE,NA
"rs9784526","G","A","G","A",0.124895460071316,0.0206709266521466,0.206092,0.208369659982563,FALSE,FALSE,FALSE,2,0.0148234565818707,"HTN",0.0282546,"Insomnia",1,2,1,TRUE,NA
