"SNP","effect_allele.exposure","other_allele.exposure","effect_allele.outcome","other_allele.outcome","beta.exposure","beta.outcome","eaf.exposure","eaf.outcome","remove","palindromic","ambiguous","id.outcome","se.outcome","outcome","se.exposure","exposure","id.exposure","action","SNP_index","mr_keep","samplesize.outcome"
"rs111483542","A","G","A","G",0.515132336550815,0.117982930967864,0.0186623,0.0197997100677495,FALSE,FALSE,FALSE,2,0.118063629488118,"CAD",0.106023,"ShortSleep",1,2,1,TRUE,NA
"rs147731842","G","C","G","C",-0.353065750633974,-0.0361608117267887,0.0570066,0.0540520545107497,FALSE,TRUE,FALSE,2,0.0810967113428181,"CAD",0.0790661,"ShortSleep",1,2,1,TRUE,NA
"rs16822697","A","C","A","C",-0.273196825371171,0.0181816272809163,0.119789,0.127720165096084,FALSE,FALSE,FALSE,2,0.0527957589655916,"CAD",0.0566705,"ShortSleep",1,2,1,TRUE,NA
"rs182626019","T","A","T","A",0.47354111495872,0.0216817289162781,0.0236907,0.0271955386595269,FALSE,TRUE,FALSE,2,0.106901724735521,"CAD",0.100448,"ShortSleep",1,2,1,TRUE,NA
"rs55654912","C","T","C","T",0.490351451033641,-0.068081168288673,0.0202258,0.0168967969421316,FALSE,FALSE,FALSE,2,0.144624693135228,"CAD",0.108462,"ShortSleep",1,2,1,TRUE,NA
"rs7241626","C","T","C","T",0.354480537990197,-0.0294963220999099,0.0339707,0.0350474894221381,FALSE,FALSE,FALSE,2,0.0965019118896726,"CAD",0.0799647,"ShortSleep",1,2,1,TRUE,NA
"rs78213764","T","G","T","G",0.402674551457536,0.0390630377075799,0.0316767,0.0322475666400402,FALSE,FALSE,FALSE,2,0.100116894420025,"CAD",0.082147,"ShortSleep",1,2,1,TRUE,NA
"rs78440839","G","T","G","T",0.570691369473482,0.0192832918547205,0.0152343,0.0141426394662485,FALSE,FALSE,FALSE,2,0.152795819765326,"CAD",0.123914,"ShortSleep",1,2,1,TRUE,NA
"rs8045541","A","C","A","C",0.251707684278962,-0.108241491735883,0.0761298,0.0796511885918847,FALSE,FALSE,FALSE,2,0.068740411798561,"CAD",0.0560818,"ShortSleep",1,2,1,TRUE,NA
"rs824446","A","G","A","G",0.14660801963609,0.040157310688941,0.522133,0.528313190633275,FALSE,FALSE,FALSE,2,0.0359011455756967,"CAD",0.0323741,"ShortSleep",1,2,1,TRUE,NA
