"SNP","exposure","outcome","effect_allele.exposure","other_allele.exposure","effect_allele.outcome","other_allele.outcome","eaf.exposure","eaf.outcome","beta.exposure","se.exposure","beta.outcome","se.outcome","raw_Fstat","APM_Fstat"
"rs11646817","Insomnia","CKD","A","G","A","G",0.177294,0.180859409692412,0.0479135896139988,0.030472,0.0693431618242604,0.0401639032629082,2.47238157385615,19.6265966814365
"rs117286058","Insomnia","CKD","G","A","G","A",0.0157571,0.0156018710403221,-0.523041602595644,0.114223,-0.246468491497726,0.143295736286848,20.9684024203965,20.1484872352185
"rs11789898","Insomnia","CKD","T","G","T","G",0.177465,0.182607472761724,0.0463109028632504,0.0306361,-0.0519385099316861,0.0413257820621978,2.28507015985045,22.4382134599388
"rs12553270","Insomnia","CKD","C","T","C","T",0.0585398,0.0580076968620485,0.232245998062745,0.0466223,0.00922825297749689,0.0671629903076801,24.8147034339497,24.0926781731843
"rs1475549","Insomnia","CKD","T","G","T","G",0.058666,0.0612512210283279,-0.25483934780231,0.0563339,-0.0510010533859836,0.0668253273770889,20.4641322063392,19.674410849583
"rs150081707","Insomnia","CKD","A","G","A","G",0.0356968,0.0336682896508857,0.27443724570168,0.0589772,0.106922069404799,0.0841529469725317,21.6529864311779,20.919180550319
"rs28573814","Insomnia","CKD","A","G","A","G",0.391508,0.397327176663855,0.118485011435946,0.0249314,-0.0341690257449205,0.0323895525051055,22.5856969409558,21.8718133535941
"rs4921425","Insomnia","CKD","A","G","A","G",0.0578649,0.0632538590181888,0.218155129802784,0.0484463,0.135247275398834,0.0612537829519127,20.2772768597401,19.5514789192026
"rs76585741","Insomnia","CKD","T","A","T","A",0.0424392,0.0384902954101562,0.0909917780057293,0.0606006,0.0498423680120632,0.0817303689781162,2.25450111549826,20.3513406438292
"rs78182614","Insomnia","CKD","T","C","T","C",0.363058,0.545429987923473,0.136242713669427,0.0264562,0.121860537255252,0.0749776734020246,26.5198852442961,25.7629977075639
