"SNP","exposure","outcome","effect_allele.exposure","other_allele.exposure","effect_allele.outcome","other_allele.outcome","eaf.exposure","eaf.outcome","beta.exposure","se.exposure","beta.outcome","se.outcome","raw_Fstat","APM_Fstat"
"rs10882840","Insomnia","CKD","C","T","C","T",0.0597249,0.0638773365696272,-0.250162805938257,0.0565622,-0.0467353943052526,0.0653846214981197,19.5610828629311,18.7734437814164
"rs117127404","Insomnia","CKD","T","C","T","C",0.0155239,0.0156647723909312,-0.520182597357068,0.11554,-0.231480895847927,0.141874083474316,20.2696808763223,19.4505640444158
"rs12553270","Insomnia","CKD","C","T","C","T",0.0585398,0.0580076968620485,0.232245998062745,0.0466223,0.00922825297749689,0.0671629903076801,24.8147034339497,24.0926781731843
"rs138609400","Insomnia","CKD","T","C","T","C",0.137371,0.142720774319584,0.152171579843071,0.0342458,0.00711302010257377,0.044927357601081,19.7447876298486,19.0371227745135
"rs150081707","Insomnia","CKD","A","G","A","G",0.0356968,0.0336682896508857,0.27443724570168,0.0589772,0.106922069404799,0.0841529469725317,21.6529864311779,20.919180550319
"rs28573814","Insomnia","CKD","A","G","A","G",0.391508,0.397327176663855,0.118485011435946,0.0249314,-0.0341690257449205,0.0323895525051055,22.5856969409558,21.871813353594
"rs35281978","Insomnia","CKD","A","G","A","G",0.314383,0.322842977652805,0.112337122442418,0.0252171,-0.0177445907410729,0.0338131693794611,19.8452378683112,19.1001371671435
"rs56256111","Insomnia","CKD","A","G","A","G",0.139186,0.143088648808643,0.154890406162258,0.0345551,-0.00652116534925985,0.0453038306980342,20.0920721464262,19.3527327785094
"rs5771648","Insomnia","CKD","T","C","T","C",0.387078,0.397942874056534,-0.112408628688929,0.0251074,0.028213284361245,0.0322248855645771,20.0445271743819,19.3043598773032
"rs72938338","Insomnia","CKD","G","A","G","A",0.0810999,0.0764341108216907,0.182379888425965,0.0406417,-0.167481026101277,0.0631338320748333,20.1377135948809,19.4067352222198
"rs73313142","Insomnia","CKD","A","G","A","G",0.0566173,0.0639217369425903,0.220852929842829,0.0493582,0.13584506112599,0.0610363318822765,20.0210893204414,19.2991361650736
"rs76725568","Insomnia","CKD","C","G","C","G",0.0713887,0.0770409069381956,0.210131257433222,0.0471334,0.0598286621400536,0.0574559507040468,19.8757616790434,19.1464093008339
"rs78182614","Insomnia","CKD","T","C","T","C",0.363058,0.545429987923473,0.136242713669427,0.0264562,0.121860537255252,0.0749776734020246,26.5198852442961,25.762997707564
