"SNP","beta_outcome","se_outcome","beta_exp1","beta_exp2","se_exp1","se_exp2","exp1","exp2","outcome","cond_F_stat_exp1","cond_F_stat_exp2"
"rs111483542",0.11295775987791,0.118001839715679,-0.0082,0.500229684552587,0.0107,0.1055,"BMI","ShortSleep","CAD",1.77558353385685,5.72831411506369
"rs16822697",0.018564127318025,0.0527428481937198,-0.0014,-0.275974869960196,0.0037,0.0563548,"BMI","ShortSleep","CAD",1.77558353385685,5.72831411506369
"rs55654912",-0.0748486271524256,0.144460635932347,-0.015,0.507793030098564,0.0103,0.107884,"BMI","ShortSleep","CAD",1.77558353385685,5.72831411506369
"rs7241626",-0.0304518502090169,0.0964444653347613,0.0099,0.354866309344795,0.0058,0.0796217,"BMI","ShortSleep","CAD",1.77558353385685,5.72831411506369
"rs72776898",0.0638146541601163,0.0617482542416512,-0.005,-0.267926505086432,0.0046,0.0601937,"BMI","ShortSleep","CAD",1.77558353385685,5.72831411506369
"rs78213764",0.0361250968638397,0.100002660071908,0,0.406104903395504,0.0069,0.0815399,"BMI","ShortSleep","CAD",1.77558353385685,5.72831411506369
"rs78440839",0.0174171286842315,0.152744878628943,-0.0201,0.583181633558071,0.0118,0.122924,"BMI","ShortSleep","CAD",1.77558353385685,5.72831411506369
"rs824446",0.0392401757664416,0.0358609080993996,-0.0012,0.153098698117051,0.0023,0.0321989,"BMI","ShortSleep","CAD",1.77558353385685,5.72831411506369
