"SNP","beta_outcome","se_outcome","beta_exp1","beta_exp2","se_exp1","se_exp2","exp1","exp2","outcome","cond_F_stat_exp1","cond_F_stat_exp2"
"rs111483542",0.11295775987791,0.118001839715679,-0.0082,0.484463831070416,0.0107,0.103919686948966,"BMI","ShortSleep","CAD",5.41397233070674,9.96539659276144
"rs12742385",0.0472357745684373,0.0463931944532677,-0.0139,-0.0628616852090232,0.0031,0.0134364642240115,"BMI","ShortSleep","CAD",5.41397233070674,9.96539659276144
"rs16822697",0.018564127318025,0.0527428481937198,-0.0014,-0.264814501196492,0.0037,0.05496195102711,"BMI","ShortSleep","CAD",5.41397233070674,9.96539659276144
"rs17668087",0.0349904282292829,0.0556381530802369,-1e-04,0.0711222235540266,0.004,0.0148648518729646,"BMI","ShortSleep","CAD",5.41397233070674,9.96539659276144
"rs448086",0.0253998799948293,0.0373360016945157,0,-0.0472206981221171,0.0027,0.0104285063704658,"BMI","ShortSleep","CAD",5.41397233070674,9.96539659276144
"rs55654912",-0.0748486271524256,0.144460635932347,-0.015,0.488001590479524,0.0103,0.10539233174443,"BMI","ShortSleep","CAD",5.41397233070674,9.96539659276144
"rs61766953",0.0122612705843936,0.075598443966392,-0.0074,-0.113286614904778,0.006,0.02511870685437,"BMI","ShortSleep","CAD",5.41397233070674,9.96539659276144
"rs62436669",-0.0402327962132855,0.0458985329060679,-0.0175,-0.0633085939965224,0.0035,0.0137955319937117,"BMI","ShortSleep","CAD",5.41397233070674,9.96539659276144
"rs78213764",0.0361250968638397,0.100002660071908,0,0.392106688276272,0.0069,0.07993670375655,"BMI","ShortSleep","CAD",5.41397233070674,9.96539659276144
"rs78440839",0.0174171286842315,0.152744878628943,-0.0201,0.56191142543357,0.0118,0.1203937125192,"BMI","ShortSleep","CAD",5.41397233070674,9.96539659276144
"rs824446",0.0392401757664416,0.0358609080993996,-0.0012,0.147413735159788,0.0023,0.0315622391118093,"BMI","ShortSleep","CAD",5.41397233070674,9.96539659276144
