"SNP","beta_outcome","se_outcome","beta_exp1","beta_exp2","se_exp1","se_exp2","exp1","exp2","outcome","cond_F_stat_exp1","cond_F_stat_exp2"
"rs11058004",0.0154902813257162,0.0124867108607078,0.0031,-0.117742411481556,0.0027,0.0265624,"BMI","Sleepiness","HTN",1.619482980012,20.9034548248153
"rs117134599",0.0109288541181844,0.0386615804695123,-1e-04,0.347814808606414,0.0079,0.074731,"BMI","Sleepiness","HTN",1.619482980012,20.9034548248153
"rs13013628",-0.0194370222278234,0.0179738279539458,0.0026,0.166708640388778,0.0038,0.0373754,"BMI","Sleepiness","HTN",1.619482980012,20.9034548248153
"rs13401678",0.019820012620202,0.0155126924817061,0.0049,0.148195842064579,0.003,0.0326571,"BMI","Sleepiness","HTN",1.619482980012,20.9034548248153
"rs62139969",-0.0145247213007256,0.0450427311157842,-0.008,0.455600398934992,0.0099,0.100938,"BMI","Sleepiness","HTN",1.619482980012,20.9034548248153
"rs62460510",0.00340107471266702,0.0234455863638775,0.013,0.212341417780123,0.005,0.0469628,"BMI","Sleepiness","HTN",1.619482980012,20.9034548248153
"rs72727875",0.0352194766480279,0.0185890491940171,0.0012,0.176487907434603,0.0042,0.039475,"BMI","Sleepiness","HTN",1.619482980012,20.9034548248153
"rs76636859",0.015115053638145,0.0225776982373854,0.005,-0.237342632839088,0.0052,0.0493712,"BMI","Sleepiness","HTN",1.619482980012,20.9034548248153
"rs9919172",-0.00423456086134029,0.0187856712103402,-0.0045,-0.193782584174719,0.0036,0.042119,"BMI","Sleepiness","HTN",1.619482980012,20.9034548248153
