"SNP","exposure","outcome","effect_allele.exposure","other_allele.exposure","effect_allele.outcome","other_allele.outcome","eaf.exposure","eaf.outcome","beta.exposure","se.exposure","beta.outcome","se.outcome","raw_Fstat","APM_Fstat"
"rs112324736","Insomnia","CKD","G","A","G","A",0.184698,0.185649945183561,0.0439977464776452,0.031276,0.0676890270653668,0.0396421189699545,1.97896656554059,19.6985643591238
"rs117127404","Insomnia","CKD","T","C","T","C",0.0155672,0.0156647723909312,-0.523563068348089,0.115427,-0.243195490473424,0.141403503168476,20.5742111144933,19.7542734632832
"rs11789898","Insomnia","CKD","T","G","T","G",0.177533,0.182607472761724,0.0466450078230438,0.0305657,-0.057800189008199,0.0412502959758389,2.32885070398782,22.3209385940534
"rs11951138","Insomnia","CKD","G","A","G","A",0.050806,0.0554832026047062,-0.0798953018716389,0.0559484,-0.0128643359239577,0.0688462764692502,2.03923436697387,19.9978751087375
"rs12553270","Insomnia","CKD","C","T","C","T",0.0582212,0.0580076968620485,0.242569637139312,0.0465059,0.0051328112876804,0.0670182381331544,27.2055036443631,26.4789871513323
"rs150081707","Insomnia","CKD","A","G","A","G",0.035717,0.0336682896508857,0.26842279751297,0.0588301,0.104397958449213,0.0839033685376879,20.8180296793604,20.0851061765299
"rs28573814","Insomnia","CKD","A","G","A","G",0.39154,0.397327176663855,0.116982715485614,0.0248692,-0.0404582348219594,0.0323187448499369,22.1268589107214,21.4200309144577
"rs76725568","Insomnia","CKD","C","G","C","G",0.0712185,0.0770409069381956,0.213925192504131,0.0469983,0.0570358457856485,0.057350820433412,20.7185598704935,19.988768821258
"rs78182614","Insomnia","CKD","T","C","T","C",0.36344,0.545429987923473,0.132229295263576,0.026397,0.114443881569991,0.0744270030859514,25.0926322500813,24.3362488041416
