"SNP","exposure","outcome","effect_allele.exposure","other_allele.exposure","effect_allele.outcome","other_allele.outcome","eaf.exposure","eaf.outcome","beta.exposure","se.exposure","beta.outcome","se.outcome","raw_Fstat","APM_Fstat"
"rs111483542","ShortSleep","CKD","A","G","A","G",0.018655,0.0197569963445857,0.500229684552587,0.1055,-0.0335609138507178,0.113230918617848,22.4819511967459,21.7333692543929
"rs16822697","ShortSleep","CKD","A","C","A","C",0.120164,0.12771216292218,-0.275974869960196,0.0563548,0.0446803228531198,0.0460590597322008,23.9815499804302,23.2144952339625
"rs182626019","ShortSleep","CKD","T","A","T","A",0.0237495,0.0272154146687977,0.458980598255444,0.100025,-0.0447396284632387,0.0976353751651195,21.0557897466323,20.319631779895
"rs55654912","ShortSleep","CKD","C","T","C","T",0.0201158,0.0168823276564839,0.507793030098564,0.107884,-0.0827133147141295,0.12610396721144,22.1543692716013,21.4399835903974
"rs7241626","ShortSleep","CKD","C","T","C","T",0.0338432,0.0350413687965306,0.354866309344795,0.0796217,-0.106208769089526,0.08890773013526,19.8639973098172,19.1094266850842
"rs72776898","ShortSleep","CKD","A","G","A","G",0.0896331,0.0875301534682038,-0.267926505086432,0.0601937,-0.017538506149874,0.0559361545153396,19.8120437889605,19.0448892815322
"rs78213764","ShortSleep","CKD","T","G","T","G",0.0316139,0.0322327625756612,0.406104903395504,0.0815399,0.119009562323161,0.0840565464762012,24.8048221537138,24.0611305093796
"rs78440839","ShortSleep","CKD","G","T","G","T",0.0151506,0.0141417280880916,0.583181633558071,0.122924,0.0296231062916901,0.132635904567704,22.5078653423538,21.7835226692963
"rs824446","ShortSleep","CKD","A","G","A","G",0.521318,0.528318780523901,0.153098698117051,0.0321989,-0.00253184716341631,0.031495133782952,22.6079365032236,21.814250178608
