"SNP","effect_allele.exposure","other_allele.exposure","effect_allele.outcome","other_allele.outcome","beta.exposure","beta.outcome","eaf.exposure","eaf.outcome","remove","palindromic","ambiguous","id.outcome","se.outcome","outcome","se.exposure","exposure","id.exposure","action","SNP_index","mr_keep","samplesize.outcome"
"rs11646817","A","G","A","G",0.0479135896139988,0.0693431618242604,0.177294,0.180859409692412,FALSE,FALSE,FALSE,2,0.0401639032629082,"CKD",0.030472,"Insomnia",1,2,1,TRUE,NA
"rs117286058","G","A","G","A",-0.523041602595644,-0.246468491497726,0.0157571,0.0156018710403221,FALSE,FALSE,FALSE,2,0.143295736286848,"CKD",0.114223,"Insomnia",1,2,1,TRUE,NA
"rs11789898","T","G","T","G",0.0463109028632504,-0.0519385099316861,0.177465,0.182607472761724,FALSE,FALSE,FALSE,2,0.0413257820621978,"CKD",0.0306361,"Insomnia",1,2,1,TRUE,NA
"rs12553270","C","T","C","T",0.232245998062745,0.00922825297749689,0.0585398,0.0580076968620485,FALSE,FALSE,FALSE,2,0.0671629903076801,"CKD",0.0466223,"Insomnia",1,2,1,TRUE,NA
"rs1475549","T","G","T","G",-0.25483934780231,-0.0510010533859836,0.058666,0.0612512210283279,FALSE,FALSE,FALSE,2,0.0668253273770889,"CKD",0.0563339,"Insomnia",1,2,1,TRUE,NA
"rs150081707","A","G","A","G",0.27443724570168,0.106922069404799,0.0356968,0.0336682896508857,FALSE,FALSE,FALSE,2,0.0841529469725317,"CKD",0.0589772,"Insomnia",1,2,1,TRUE,NA
"rs28573814","A","G","A","G",0.118485011435946,-0.0341690257449205,0.391508,0.397327176663855,FALSE,FALSE,FALSE,2,0.0323895525051055,"CKD",0.0249314,"Insomnia",1,2,1,TRUE,NA
"rs4921425","A","G","A","G",0.218155129802784,0.135247275398834,0.0578649,0.0632538590181888,FALSE,FALSE,FALSE,2,0.0612537829519127,"CKD",0.0484463,"Insomnia",1,2,1,TRUE,NA
"rs76585741","T","A","T","A",0.0909917780057293,0.0498423680120632,0.0424392,0.0384902954101562,FALSE,TRUE,FALSE,2,0.0817303689781162,"CKD",0.0606006,"Insomnia",1,2,1,TRUE,NA
"rs78182614","T","C","T","C",0.136242713669427,0.121860537255252,0.363058,0.545429987923473,FALSE,FALSE,FALSE,2,0.0749776734020246,"CKD",0.0264562,"Insomnia",1,2,1,TRUE,NA
