"SNP","beta_outcome","se_outcome","beta_exp1","beta_exp2","se_exp1","se_exp2","exp1","exp2","outcome","cond_F_stat_exp1","cond_F_stat_exp2"
"rs111483542",0.130708448858675,0.118299902733555,-0.0082,0.500229684552587,0.0107,0.1055,"BMI","ShortSleep","HF",1.77558353385685,5.72831411506369
"rs16822697",-0.0455500752861941,0.0528519253855039,-0.0014,-0.275974869960196,0.0037,0.0563548,"BMI","ShortSleep","HF",1.77558353385685,5.72831411506369
"rs55654912",-0.0925533001715345,0.138966127901746,-0.015,0.507793030098564,0.0103,0.107884,"BMI","ShortSleep","HF",1.77558353385685,5.72831411506369
"rs7241626",-0.171093358072314,0.102133479054207,0.0099,0.354866309344795,0.0058,0.0796217,"BMI","ShortSleep","HF",1.77558353385685,5.72831411506369
"rs72776898",-0.0395494428026434,0.0623747190388745,-0.005,-0.267926505086432,0.0046,0.0601937,"BMI","ShortSleep","HF",1.77558353385685,5.72831411506369
"rs78213764",-0.0593480373408403,0.0997717813581528,0,0.406104903395504,0.0069,0.0815399,"BMI","ShortSleep","HF",1.77558353385685,5.72831411506369
"rs78440839",-0.0703747936953328,0.152486087953892,-0.0201,0.583181633558071,0.0118,0.122924,"BMI","ShortSleep","HF",1.77558353385685,5.72831411506369
"rs824446",-0.057204989747884,0.0348249655814151,-0.0012,0.153098698117051,0.0023,0.0321989,"BMI","ShortSleep","HF",1.77558353385685,5.72831411506369
