"SNP","effect_allele.exposure","other_allele.exposure","effect_allele.outcome","other_allele.outcome","beta.exposure","beta.outcome","eaf.exposure","eaf.outcome","remove","palindromic","ambiguous","id.outcome","se.outcome","outcome","se.exposure","exposure","id.exposure","action","SNP_index","mr_keep","samplesize.outcome"
"rs11004745","C","T","C","T",0.132343186987713,-0.0231433026669392,0.246937,0.259135155926386,FALSE,FALSE,FALSE,2,0.0409133589952126,"CAD",0.0295542,"Sleepiness",1,2,1,TRUE,NA
"rs117134599","T","G","T","G",0.355756522318681,0.089627374152845,0.0262883,0.0248509681523009,FALSE,FALSE,FALSE,2,0.113396840083585,"CAD",0.0759337,"Sleepiness",1,2,1,TRUE,NA
"rs11903853","C","T","C","T",0.167503983443531,-0.0216014886553822,0.133125,0.141723775550984,FALSE,FALSE,FALSE,2,0.0511508258225376,"CAD",0.0373451,"Sleepiness",1,2,1,TRUE,NA
"rs12065179","C","G","C","G",-0.19791815384964,0.0139183365819612,0.0974634,0.108391763557291,FALSE,TRUE,FALSE,2,0.0573148856907729,"CAD",0.0441659,"Sleepiness",1,2,1,TRUE,NA
"rs12292717","C","T","C","T",-0.218570274703504,0.0472168668109386,0.0755928,0.0799846126531337,FALSE,FALSE,FALSE,2,0.0647944694176883,"CAD",0.0488918,"Sleepiness",1,2,1,TRUE,NA
"rs13401678","T","A","T","A",0.15251505721129,-0.0113016339303674,0.178788,0.182576665335286,FALSE,TRUE,FALSE,2,0.0461854621483015,"CAD",0.0331991,"Sleepiness",1,2,1,TRUE,NA
"rs1456040","T","C","T","C",0.180720275426981,-0.0333355307262537,0.105871,0.106439158604775,FALSE,FALSE,FALSE,2,0.0589454882074712,"CAD",0.0408954,"Sleepiness",1,2,1,TRUE,NA
"rs200171962","C","G","C","G",0.178347002038543,0.0115032468382577,0.130993,0.171505437675869,FALSE,TRUE,FALSE,2,0.0544565366345345,"CAD",0.039867,"Sleepiness",1,2,1,TRUE,NA
"rs6048097","A","T","A","T",-0.140954302954584,0.0680051315916193,0.248879,0.259183915018272,FALSE,TRUE,FALSE,2,0.0401292707083282,"CAD",0.030392,"Sleepiness",1,2,1,TRUE,NA
"rs62460510","C","T","C","T",0.216449194021483,0.0280091776901511,0.0726653,0.0710289917272203,FALSE,FALSE,FALSE,2,0.0693331843685877,"CAD",0.0479116,"Sleepiness",1,2,1,TRUE,NA
"rs7434941","A","G","A","G",0.153210237750202,-0.00408362365875067,0.243582,0.242089380020414,FALSE,FALSE,FALSE,2,0.0418050138159207,"CAD",0.0321778,"Sleepiness",1,2,1,TRUE,NA
"rs76636859","T","C","T","C",-0.232167898522594,0.00595541872254791,0.0714405,0.0768098576965179,FALSE,FALSE,FALSE,2,0.0660558621230657,"CAD",0.0500009,"Sleepiness",1,2,1,TRUE,NA
