"SNP","beta_outcome","se_outcome","beta_exp1","beta_exp2","se_exp1","se_exp2","exp1","exp2","outcome","cond_F_stat_exp1","cond_F_stat_exp2"
"rs11058004",-0.014742385317615,0.0360804841093587,0.0031,-0.117742411481556,0.0027,0.0265624,"BMI","Sleepiness","HF",1.619482980012,20.9034548248153
"rs117134599",0.0067628381775451,0.111086544039215,-1e-04,0.347814808606414,0.0079,0.074731,"BMI","Sleepiness","HF",1.619482980012,20.9034548248153
"rs13013628",-0.0708283531192343,0.0530255217677265,0.0026,0.166708640388778,0.0038,0.0373754,"BMI","Sleepiness","HF",1.619482980012,20.9034548248153
"rs13401678",0.0250145663705318,0.044444167608542,0.0049,0.148195842064579,0.003,0.0326571,"BMI","Sleepiness","HF",1.619482980012,20.9034548248153
"rs62139969",0.0844029985430879,0.124586726476003,-0.008,0.455600398934992,0.0099,0.100938,"BMI","Sleepiness","HF",1.619482980012,20.9034548248153
"rs62460510",0.0573137978005597,0.06599830947802,0.013,0.212341417780123,0.005,0.0469628,"BMI","Sleepiness","HF",1.619482980012,20.9034548248153
"rs72727875",-0.0522929987109241,0.0549600655814123,0.0012,0.176487907434603,0.0042,0.039475,"BMI","Sleepiness","HF",1.619482980012,20.9034548248153
"rs76636859",0.022978967088171,0.0648192614586932,0.005,-0.237342632839088,0.0052,0.0493712,"BMI","Sleepiness","HF",1.619482980012,20.9034548248153
"rs9919172",-0.0536775623038643,0.0552054461659089,-0.0045,-0.193782584174719,0.0036,0.042119,"BMI","Sleepiness","HF",1.619482980012,20.9034548248153
