"SNP","exposure","outcome","effect_allele.exposure","other_allele.exposure","effect_allele.outcome","other_allele.outcome","eaf.exposure","eaf.outcome","beta.exposure","se.exposure","beta.outcome","se.outcome","raw_Fstat","APM_Fstat"
"rs11004745","Sleepiness","CAD","C","T","C","T",0.246937,0.259135155926386,0.132343186987713,0.0295542,-0.0231433026669392,0.0409133589952126,20.0523262358084,19.2833916876739
"rs117134599","Sleepiness","CAD","T","G","T","G",0.0262883,0.0248509681523009,0.355756522318681,0.0759337,0.089627374152845,0.113396840083585,21.9501057951147,21.1748147407978
"rs11903853","Sleepiness","CAD","C","T","C","T",0.133125,0.141723775550984,0.167503983443531,0.0373451,-0.0216014886553822,0.0511508258225376,20.1179176305829,19.3324758581404
"rs12065179","Sleepiness","CAD","C","G","C","G",0.0974634,0.108391763557291,-0.19791815384964,0.0441659,0.0139183365819612,0.0573148856907729,20.0815436214371,19.2837094868569
"rs12292717","Sleepiness","CAD","C","T","C","T",0.0755928,0.0799846126531337,-0.218570274703504,0.0488918,0.0472168668109386,0.0647944694176883,19.9852756687329,19.1874381473098
"rs13401678","Sleepiness","CAD","T","A","T","A",0.178788,0.182576665335286,0.15251505721129,0.0331991,-0.0113016339303674,0.0461854621483015,21.1043909288997,20.322826049442
"rs1456040","Sleepiness","CAD","T","C","T","C",0.105871,0.106439158604775,0.180720275426981,0.0408954,-0.0333355307262537,0.0589454882074712,19.5283180114215,18.7902576773146
"rs200171962","Sleepiness","CAD","C","G","C","G",0.130993,0.171505437675869,0.178347002038543,0.039867,0.0115032468382577,0.0544565366345345,20.0126460540344,19.259915975152
"rs6048097","Sleepiness","CAD","A","T","A","T",0.248879,0.259183915018272,-0.140954302954584,0.030392,0.0680051315916193,0.0401292707083282,21.5098863329859,20.7160725329585
"rs62460510","Sleepiness","CAD","C","T","C","T",0.0726653,0.0710289917272203,0.216449194021483,0.0479116,0.0280091776901511,0.0693331843685877,20.4094169173889,19.6219303458172
"rs7434941","Sleepiness","CAD","A","G","A","G",0.243582,0.242089380020414,0.153210237750202,0.0321778,-0.00408362365875067,0.0418050138159207,22.6705928317368,21.8745453167086
"rs76636859","Sleepiness","CAD","T","C","T","C",0.0714405,0.0768098576965179,-0.232167898522594,0.0500009,0.00595541872254791,0.0660558621230657,21.5599970748788,20.7774055067905
