"SNP","beta_outcome","se_outcome","beta_exp1","beta_exp2","se_exp1","se_exp2","exp1","exp2","outcome","cond_F_stat_exp1","cond_F_stat_exp2"
"rs10814430",-0.012386416749557,0.0445936895486396,-0.0028,0.309988914524315,0.0029,0.069349,"BMI","LongSleep","HF",0.983424828513975,7.16643031379722
"rs116950478",0.119661098978099,0.0671148995821251,2e-04,0.472544149389842,0.0052,0.106314,"BMI","LongSleep","HF",0.983424828513975,7.16643031379722
"rs11735585",0.0139912817036423,0.034935318269051,0.0011,0.272870419496569,0.0027,0.0616961,"BMI","LongSleep","HF",0.983424828513975,7.16643031379722
"rs138250961",-0.0859166642719844,0.121029960688084,-0.0043,0.727862567648398,0.0096,0.158689,"BMI","LongSleep","HF",0.983424828513975,7.16643031379722
"rs138971980",0.0908627067264599,0.136707896070846,-0.0082,0.931466987723653,0.0103,0.190514,"BMI","LongSleep","HF",0.983424828513975,7.16643031379722
"rs1394833",0.000421906028941896,0.0467150443746581,0.006,0.317973615881657,0.0034,0.0708095,"BMI","LongSleep","HF",0.983424828513975,7.16643031379722
"rs140045289",-0.20930017646962,0.174688561833898,0.0051,0.836844846067012,0.0114,0.187137,"BMI","LongSleep","HF",0.983424828513975,7.16643031379722
"rs145916213",-0.186423361107173,0.113454927369987,-4e-04,0.675090128859826,0.0078,0.149385,"BMI","LongSleep","HF",0.983424828513975,7.16643031379722
"rs1777334",-0.0316141326737694,0.0347531537833603,0.0016,-0.281124950772763,0.0022,0.0615623,"BMI","LongSleep","HF",0.983424828513975,7.16643031379722
"rs2934126",0.00139540125688666,0.0349307768271257,-0.0045,-0.270908865821506,0.0027,0.0612749,"BMI","LongSleep","HF",0.983424828513975,7.16643031379722
"rs3016887",0.196151957603347,0.0971508947700297,-0.0075,0.666510554599453,0.0076,0.149408,"BMI","LongSleep","HF",0.983424828513975,7.16643031379722
"rs304128",-0.0404841001415636,0.0516562720274122,-0.0026,0.331229948379266,0.0033,0.0730405,"BMI","LongSleep","HF",0.983424828513975,7.16643031379722
"rs61891046",-0.025813457118075,0.0471379984493644,0.0066,0.343674807151713,0.0036,0.0730281,"BMI","LongSleep","HF",0.983424828513975,7.16643031379722
"rs72798575",-0.0410666995043251,0.0826763251275177,-0.0029,0.501593135202385,0.0066,0.112087,"BMI","LongSleep","HF",0.983424828513975,7.16643031379722
"rs73168175",0.049321535834996,0.0628752381011952,0.0011,0.407003923524181,0.0048,0.0907653,"BMI","LongSleep","HF",0.983424828513975,7.16643031379722
