"SNP","beta_outcome","se_outcome","beta_exp1","beta_exp2","se_exp1","se_exp2","exp1","exp2","outcome","cond_F_stat_exp1","cond_F_stat_exp2"
"rs116045290",-0.226254266104062,0.172330028136407,0.0037,0.818117396698713,0.0111,0.176765719500153,"BMI","LongSleep","HF",0.626248545086677,4.41256591487706
"rs138250961",-0.0859166642719844,0.121029960688084,-0.0043,0.698984091506002,0.0096,0.154980586918219,"BMI","LongSleep","HF",0.626248545086677,4.41256591487706
"rs138971980",0.0908627067264599,0.136707896070846,-0.0082,0.901317227538676,0.0103,0.187040023929669,"BMI","LongSleep","HF",0.626248545086677,4.41256591487706
"rs145916213",-0.186423361107173,0.113454927369987,-4e-04,0.649094125841045,0.0078,0.146282460028372,"BMI","LongSleep","HF",0.626248545086677,4.41256591487706
"rs1777334",-0.0316141326737694,0.0347531537833603,0.0016,-0.269834492941277,0.0022,0.0602936970971061,"BMI","LongSleep","HF",0.626248545086677,4.41256591487706
"rs304128",-0.0404841001415636,0.0516562720274122,-0.0026,0.317778481276524,0.0033,0.0714512777011903,"BMI","LongSleep","HF",0.626248545086677,4.41256591487706
"rs4938609",0.0315085586131066,0.121902968782911,3e-04,0.22939397867774,0.0095,0.0516342469183783,"BMI","LongSleep","HF",0.626248545086677,4.41256591487706
"rs61891046",-0.025813457118075,0.0471379984493644,0.0066,0.330928805104355,0.0036,0.0716284892591388,"BMI","LongSleep","HF",0.626248545086677,4.41256591487706
"rs74790696",0.123257011572737,0.0669963700061519,0.0018,0.471713765897734,0.0053,0.103916686528966,"BMI","LongSleep","HF",0.626248545086677,4.41256591487706
