"SNP","effect_allele.exposure","other_allele.exposure","effect_allele.outcome","other_allele.outcome","beta.exposure","beta.outcome","eaf.exposure","eaf.outcome","remove","palindromic","ambiguous","id.outcome","se.outcome","outcome","se.exposure","exposure","id.exposure","action","SNP_index","mr_keep","samplesize.outcome"
"rs111483542","A","G","A","G",0.500229684552587,0.105868585291372,0.018655,0.0197522275835529,FALSE,FALSE,FALSE,2,0.0965552837582907,"T2DM",0.1055,"ShortSleep",1,2,1,TRUE,NA
"rs12742385","G","A","G","A",-0.0617903009564515,-0.0319382593813156,0.16342,0.173645958227867,FALSE,FALSE,FALSE,2,0.0375160860644723,"T2DM",0.0445611,"ShortSleep",1,2,1,TRUE,NA
"rs16822697","A","C","A","C",-0.275974869960196,-0.0462729339084148,0.120164,0.127706973370635,FALSE,FALSE,FALSE,2,0.0423775801073582,"T2DM",0.0563548,"ShortSleep",1,2,1,TRUE,NA
"rs17668087","G","C","G","C",0.0676399567103398,0.0545161188144654,0.119842,0.115269616187333,FALSE,TRUE,FALSE,2,0.0429035253695014,"T2DM",0.0476392,"ShortSleep",1,2,1,TRUE,NA
"rs182626019","T","A","T","A",0.458980598255444,0.0597230733203961,0.0237495,0.027196838506283,FALSE,TRUE,FALSE,2,0.0834445356678979,"T2DM",0.100025,"ShortSleep",1,2,1,TRUE,NA
"rs448086","G","A","G","A",-0.0502275467089371,0.00876552955663994,0.353619,0.351788806820705,FALSE,FALSE,FALSE,2,0.0293067728684051,"T2DM",0.0331232,"ShortSleep",1,2,1,TRUE,NA
"rs55654912","C","T","C","T",0.507793030098564,-0.141519118477199,0.0201158,0.0168771680156542,FALSE,FALSE,FALSE,2,0.115031702719422,"T2DM",0.107884,"ShortSleep",1,2,1,TRUE,NA
"rs61766953","C","G","C","G",-0.117096896103973,0.0157255071247222,0.0475824,0.0578417585670935,FALSE,TRUE,FALSE,2,0.0596446409114927,"T2DM",0.0827505,"ShortSleep",1,2,1,TRUE,NA
"rs62436669","A","G","A","G",-0.0686536433170481,-0.0158699970425217,0.179945,0.190858902061779,FALSE,FALSE,FALSE,2,0.0358152109661314,"T2DM",0.0415572,"ShortSleep",1,2,1,TRUE,NA
"rs78213764","T","G","T","G",0.406104903395504,0.0580670406396391,0.0316139,0.0322296557236316,FALSE,FALSE,FALSE,2,0.0761730531556434,"T2DM",0.0815399,"ShortSleep",1,2,1,TRUE,NA
"rs78440839","G","T","G","T",0.583181633558071,-0.0438240572517002,0.0151506,0.0141362109033853,FALSE,FALSE,FALSE,2,0.121693222882577,"T2DM",0.122924,"ShortSleep",1,2,1,TRUE,NA
"rs824446","A","G","A","G",0.153098698117051,-0.00386288740787391,0.521318,0.528300350794097,FALSE,FALSE,FALSE,2,0.0280468017582876,"T2DM",0.0321989,"ShortSleep",1,2,1,TRUE,NA
