"SNP","exposure","outcome","effect_allele.exposure","other_allele.exposure","effect_allele.outcome","other_allele.outcome","eaf.exposure","eaf.outcome","beta.exposure","se.exposure","beta.outcome","se.outcome","raw_Fstat","APM_Fstat"
"rs111483542","ShortSleep","T2DM","A","G","A","G",0.018655,0.0197522275835529,0.500229684552587,0.1055,0.105868585291372,0.0965552837582907,22.4819511967459,21.7333692543929
"rs12742385","ShortSleep","T2DM","G","A","G","A",0.16342,0.173645958227867,-0.0617903009564515,0.0445611,-0.0319382593813156,0.0375160860644723,1.9227765421546,21.8877963244299
"rs16822697","ShortSleep","T2DM","A","C","A","C",0.120164,0.127706973370635,-0.275974869960196,0.0563548,-0.0462729339084148,0.0423775801073582,23.9815499804302,23.2144952339625
"rs17668087","ShortSleep","T2DM","G","C","G","C",0.119842,0.115269616187333,0.0676399567103398,0.0476392,0.0545161188144654,0.0429035253695014,2.01594055786591,22.8923027112747
"rs182626019","ShortSleep","T2DM","T","A","T","A",0.0237495,0.027196838506283,0.458980598255444,0.100025,0.0597230733203961,0.0834445356678979,21.0557897466323,20.319631779895
"rs448086","ShortSleep","T2DM","G","A","G","A",0.353619,0.351788806820705,-0.0502275467089371,0.0331232,0.00876552955663994,0.0293067728684051,2.29942558115668,20.5031498336301
"rs55654912","ShortSleep","T2DM","C","T","C","T",0.0201158,0.0168771680156542,0.507793030098564,0.107884,-0.141519118477199,0.115031702719422,22.1543692716013,21.4399835903975
"rs61766953","ShortSleep","T2DM","C","G","C","G",0.0475824,0.0578417585670935,-0.117096896103973,0.0827505,0.0157255071247222,0.0596446409114927,2.00239389981308,20.3405477908009
"rs62436669","ShortSleep","T2DM","A","G","A","G",0.179945,0.190858902061779,-0.0686536433170481,0.0415572,-0.0158699970425217,0.0358152109661314,2.72919534527087,21.0595182180996
"rs78213764","ShortSleep","T2DM","T","G","T","G",0.0316139,0.0322296557236316,0.406104903395504,0.0815399,0.0580670406396391,0.0761730531556434,24.8048221537138,24.0611305093796
"rs78440839","ShortSleep","T2DM","G","T","G","T",0.0151506,0.0141362109033853,0.583181633558071,0.122924,-0.0438240572517002,0.121693222882577,22.5078653423538,21.7835226692962
"rs824446","ShortSleep","T2DM","A","G","A","G",0.521318,0.528300350794097,0.153098698117051,0.0321989,-0.00386288740787391,0.0280468017582876,22.6079365032236,21.814250178608
