"SNP","effect_allele.exposure","other_allele.exposure","effect_allele.outcome","other_allele.outcome","beta.exposure","beta.outcome","eaf.exposure","eaf.outcome","remove","palindromic","ambiguous","id.outcome","se.outcome","outcome","se.exposure","exposure","id.exposure","action","SNP_index","mr_keep","samplesize.outcome"
"rs111483542","A","G","A","G",0.500229684552587,0.105868585291372,0.018655,0.0197522275835529,FALSE,FALSE,FALSE,2,0.0965552837582907,"T2DM",0.1055,"ShortSleep",1,2,1,TRUE,NA
"rs16822697","A","C","A","C",-0.275974869960196,-0.0462729339084148,0.120164,0.127706973370635,FALSE,FALSE,FALSE,2,0.0423775801073582,"T2DM",0.0563548,"ShortSleep",1,2,1,TRUE,NA
"rs182626019","T","A","T","A",0.458980598255444,0.0597230733203961,0.0237495,0.027196838506283,FALSE,TRUE,FALSE,2,0.0834445356678979,"T2DM",0.100025,"ShortSleep",1,2,1,TRUE,NA
"rs55654912","C","T","C","T",0.507793030098564,-0.141519118477199,0.0201158,0.0168771680156542,FALSE,FALSE,FALSE,2,0.115031702719422,"T2DM",0.107884,"ShortSleep",1,2,1,TRUE,NA
"rs7241626","C","T","C","T",0.354866309344795,-0.0313329396256748,0.0338432,0.0350386357580602,FALSE,FALSE,FALSE,2,0.0782622874819653,"T2DM",0.0796217,"ShortSleep",1,2,1,TRUE,NA
"rs72776898","A","G","A","G",-0.267926505086432,-0.0314119135420871,0.0896331,0.0875492140552381,FALSE,FALSE,FALSE,2,0.0501121343734764,"T2DM",0.0601937,"ShortSleep",1,2,1,TRUE,NA
"rs78213764","T","G","T","G",0.406104903395504,0.0580670406396391,0.0316139,0.0322296557236316,FALSE,FALSE,FALSE,2,0.0761730531556434,"T2DM",0.0815399,"ShortSleep",1,2,1,TRUE,NA
"rs78440839","G","T","G","T",0.583181633558071,-0.0438240572517002,0.0151506,0.0141362109033853,FALSE,FALSE,FALSE,2,0.121693222882577,"T2DM",0.122924,"ShortSleep",1,2,1,TRUE,NA
"rs824446","A","G","A","G",0.153098698117051,-0.00386288740787391,0.521318,0.528300350794097,FALSE,FALSE,FALSE,2,0.0280468017582876,"T2DM",0.0321989,"ShortSleep",1,2,1,TRUE,NA
