"SNP","beta_outcome","se_outcome","beta_exp1","beta_exp2","se_exp1","se_exp2","exp1","exp2","outcome","cond_F_stat_exp1","cond_F_stat_exp2"
"rs10814430",0.0195129319340808,0.0355573934968535,-0.0028,0.309988914524315,0.0029,0.069349,"BMI","LongSleep","T2DM",0.983424828513975,7.16643031379722
"rs116950478",-0.0583453841636399,0.0578275071236597,2e-04,0.472544149389842,0.0052,0.106314,"BMI","LongSleep","T2DM",0.983424828513975,7.16643031379722
"rs11735585",0.0377620762558893,0.0280757573096376,0.0011,0.272870419496569,0.0027,0.0616961,"BMI","LongSleep","T2DM",0.983424828513975,7.16643031379722
"rs138250961",0.179411555868774,0.087077422727183,-0.0043,0.727862567648398,0.0096,0.158689,"BMI","LongSleep","T2DM",0.983424828513975,7.16643031379722
"rs138971980",0.135530204836078,0.106434011635753,-0.0082,0.931466987723653,0.0103,0.190514,"BMI","LongSleep","T2DM",0.983424828513975,7.16643031379722
"rs1394833",-0.0510417775109362,0.0382521904816173,0.006,0.317973615881657,0.0034,0.0708095,"BMI","LongSleep","T2DM",0.983424828513975,7.16643031379722
"rs140045289",-0.0764857150317129,0.132057431682761,0.0051,0.836844846067012,0.0114,0.187137,"BMI","LongSleep","T2DM",0.983424828513975,7.16643031379722
"rs145916213",0.191827604633386,0.0774933638798293,-4e-04,0.675090128859826,0.0078,0.149385,"BMI","LongSleep","T2DM",0.983424828513975,7.16643031379722
"rs1777334",0.00148430530732507,0.0279832437919882,0.0016,-0.281124950772763,0.0022,0.0615623,"BMI","LongSleep","T2DM",0.983424828513975,7.16643031379722
"rs2934126",0.0089492967436184,0.0280961990842657,-0.0045,-0.270908865821506,0.0027,0.0612749,"BMI","LongSleep","T2DM",0.983424828513975,7.16643031379722
"rs3016887",-0.0961140936454137,0.0894571841800937,-0.0075,0.666510554599453,0.0076,0.149408,"BMI","LongSleep","T2DM",0.983424828513975,7.16643031379722
"rs304128",-0.035883702242478,0.0413471912350577,-0.0026,0.331229948379266,0.0033,0.0730405,"BMI","LongSleep","T2DM",0.983424828513975,7.16643031379722
"rs61891046",0.00439595358789137,0.0377647653582392,0.0066,0.343674807151713,0.0036,0.0730281,"BMI","LongSleep","T2DM",0.983424828513975,7.16643031379722
"rs72798575",0.0274035442569947,0.0646184090805086,-0.0029,0.501593135202385,0.0066,0.112087,"BMI","LongSleep","T2DM",0.983424828513975,7.16643031379722
"rs73168175",0.0164577038728418,0.0513336354673164,0.0011,0.407003923524181,0.0048,0.0907653,"BMI","LongSleep","T2DM",0.983424828513975,7.16643031379722
