"SNP","beta_outcome","se_outcome","beta_exp1","beta_exp2","se_exp1","se_exp2","exp1","exp2","outcome","cond_F_stat_exp1","cond_F_stat_exp2"
"rs116045290",-0.0849441867970529,0.129901303658632,0.0037,0.818117396698713,0.0111,0.176765719500153,"BMI","LongSleep","T2DM",0.626248545086677,4.41256591487706
"rs138250961",0.179411555868774,0.087077422727183,-0.0043,0.698984091506002,0.0096,0.154980586918219,"BMI","LongSleep","T2DM",0.626248545086677,4.41256591487706
"rs138971980",0.135530204836078,0.106434011635753,-0.0082,0.901317227538676,0.0103,0.187040023929669,"BMI","LongSleep","T2DM",0.626248545086677,4.41256591487706
"rs145916213",0.191827604633386,0.0774933638798293,-4e-04,0.649094125841045,0.0078,0.146282460028372,"BMI","LongSleep","T2DM",0.626248545086677,4.41256591487706
"rs1777334",0.00148430530732507,0.0279832437919882,0.0016,-0.269834492941277,0.0022,0.0602936970971061,"BMI","LongSleep","T2DM",0.626248545086677,4.41256591487706
"rs304128",-0.035883702242478,0.0413471912350577,-0.0026,0.317778481276524,0.0033,0.0714512777011903,"BMI","LongSleep","T2DM",0.626248545086677,4.41256591487706
"rs4938609",-0.0468255939970414,0.101950189876749,3e-04,0.22939397867774,0.0095,0.0516342469183783,"BMI","LongSleep","T2DM",0.626248545086677,4.41256591487706
"rs61891046",0.00439595358789137,0.0377647653582392,0.0066,0.330928805104355,0.0036,0.0716284892591388,"BMI","LongSleep","T2DM",0.626248545086677,4.41256591487706
"rs74790696",-0.0558172486285755,0.05775955765733,0.0018,0.471713765897734,0.0053,0.103916686528966,"BMI","LongSleep","T2DM",0.626248545086677,4.41256591487706
