"SNP","effect_allele.exposure","other_allele.exposure","effect_allele.outcome","other_allele.outcome","beta.exposure","beta.outcome","eaf.exposure","eaf.outcome","remove","palindromic","ambiguous","id.outcome","se.outcome","outcome","se.exposure","exposure","id.exposure","action","SNP_index","mr_keep","samplesize.outcome"
"rs117127404","T","C","T","C",-0.523563068348089,-0.0838045574265726,0.0155672,0.0156668590796738,FALSE,FALSE,FALSE,2,0.116704528597083,"T2DM",0.115427,"Insomnia",1,2,1,TRUE,NA
"rs12553270","C","T","C","T",0.242569637139312,0.0652189503513114,0.0582212,0.0580154253823037,FALSE,FALSE,FALSE,2,0.0588224414141987,"T2DM",0.0465059,"Insomnia",1,2,1,TRUE,NA
"rs1475549","T","G","T","G",-0.249663363467434,-0.11019128978572,0.0586521,0.0612593809671833,FALSE,FALSE,FALSE,2,0.0609663510367132,"T2DM",0.0561647,"Insomnia",1,2,1,TRUE,NA
"rs150081707","A","G","A","G",0.26842279751297,0.0684615037345029,0.035717,0.0336949764660608,FALSE,FALSE,FALSE,2,0.0753198176154248,"T2DM",0.0588301,"Insomnia",1,2,1,TRUE,NA
"rs28573814","A","G","A","G",0.116982715485614,-0.0134818518948247,0.39154,0.397350503256365,FALSE,FALSE,FALSE,2,0.028739795591003,"T2DM",0.0248692,"Insomnia",1,2,1,TRUE,NA
"rs56256111","A","G","A","G",0.153553358609311,-0.0066072150720587,0.139098,0.143137312946818,FALSE,FALSE,FALSE,2,0.0400489947106218,"T2DM",0.0344867,"Insomnia",1,2,1,TRUE,NA
"rs5771648","T","C","T","C",-0.110874579090541,-0.072140803433224,0.386769,0.397944080164592,FALSE,FALSE,FALSE,2,0.0288911236225475,"T2DM",0.0250637,"Insomnia",1,2,1,TRUE,NA
"rs60365505","G","T","G","T",0.213949414474266,-0.0521649306266482,0.0572297,0.061732141271204,FALSE,FALSE,FALSE,2,0.05910673172404,"T2DM",0.0483258,"Insomnia",1,2,1,TRUE,NA
"rs73313142","A","G","A","G",0.218661522010342,-0.0174647741639405,0.0565757,0.0639080493797922,FALSE,FALSE,FALSE,2,0.057888378260755,"T2DM",0.0492748,"Insomnia",1,2,1,TRUE,NA
"rs76725568","C","G","C","G",0.213925192504131,-0.059468210742763,0.0712185,0.0770733729036842,FALSE,TRUE,FALSE,2,0.0535142790178643,"T2DM",0.0469983,"Insomnia",1,2,1,TRUE,NA
"rs78182614","T","C","T","C",0.132229295263576,-0.0212028690865118,0.36344,0.545311506675143,FALSE,FALSE,FALSE,2,0.0679694585796069,"T2DM",0.026397,"Insomnia",1,2,1,TRUE,NA
"rs9784526","G","A","G","A",0.124895460071316,0.00514452859005101,0.206092,0.208423997513211,FALSE,FALSE,FALSE,2,0.0343807642774504,"T2DM",0.0282546,"Insomnia",1,2,1,TRUE,NA
