"SNP","effect_allele.exposure","other_allele.exposure","effect_allele.outcome","other_allele.outcome","beta.exposure","beta.outcome","eaf.exposure","eaf.outcome","remove","palindromic","ambiguous","id.outcome","se.outcome","outcome","se.exposure","exposure","id.exposure","action","SNP_index","mr_keep","samplesize.outcome"
"rs111483542","A","G","A","G",0.500229684552587,-0.0335609138507178,0.018655,0.0197569963445857,FALSE,FALSE,FALSE,2,0.113230918617848,"CKD",0.1055,"ShortSleep",1,2,1,TRUE,NA
"rs12742385","G","A","G","A",-0.0617903009564515,-0.0673969953432818,0.16342,0.173689429594767,FALSE,FALSE,FALSE,2,0.0423624418260677,"CKD",0.0445611,"ShortSleep",1,2,1,TRUE,NA
"rs16822697","A","C","A","C",-0.275974869960196,0.0446803228531198,0.120164,0.12771216292218,FALSE,FALSE,FALSE,2,0.0460590597322008,"CKD",0.0563548,"ShortSleep",1,2,1,TRUE,NA
"rs17668087","G","C","G","C",0.0676399567103398,0.0195076223923484,0.119842,0.115246862420081,FALSE,TRUE,FALSE,2,0.0489454060112351,"CKD",0.0476392,"ShortSleep",1,2,1,TRUE,NA
"rs182626019","T","A","T","A",0.458980598255444,-0.0447396284632387,0.0237495,0.0272154146687977,FALSE,TRUE,FALSE,2,0.0976353751651195,"CKD",0.100025,"ShortSleep",1,2,1,TRUE,NA
"rs448086","G","A","G","A",-0.0502275467089371,0.0551461681416108,0.353619,0.351778948614729,FALSE,FALSE,FALSE,2,0.0326823061937172,"CKD",0.0331232,"ShortSleep",1,2,1,TRUE,NA
"rs55654912","C","T","C","T",0.507793030098564,-0.0827133147141295,0.0201158,0.0168823276564839,FALSE,FALSE,FALSE,2,0.12610396721144,"CKD",0.107884,"ShortSleep",1,2,1,TRUE,NA
"rs61766953","C","G","C","G",-0.117096896103973,-0.0404261941038741,0.0475824,0.0578266532472915,FALSE,TRUE,FALSE,2,0.0681596370660162,"CKD",0.0827505,"ShortSleep",1,2,1,TRUE,NA
"rs62436669","A","G","A","G",-0.0686536433170481,-0.0658982418266143,0.179945,0.19077428520689,FALSE,FALSE,FALSE,2,0.0407595053062465,"CKD",0.0415572,"ShortSleep",1,2,1,TRUE,NA
"rs78213764","T","G","T","G",0.406104903395504,0.119009562323161,0.0316139,0.0322327625756612,FALSE,FALSE,FALSE,2,0.0840565464762012,"CKD",0.0815399,"ShortSleep",1,2,1,TRUE,NA
"rs78440839","G","T","G","T",0.583181633558071,0.0296231062916901,0.0151506,0.0141417280880916,FALSE,FALSE,FALSE,2,0.132635904567704,"CKD",0.122924,"ShortSleep",1,2,1,TRUE,NA
"rs824446","A","G","A","G",0.153098698117051,-0.00253184716341631,0.521318,0.528318780523901,FALSE,FALSE,FALSE,2,0.031495133782952,"CKD",0.0321989,"ShortSleep",1,2,1,TRUE,NA
