"SNP","effect_allele.exposure","other_allele.exposure","effect_allele.outcome","other_allele.outcome","beta.exposure","beta.outcome","eaf.exposure","eaf.outcome","remove","palindromic","ambiguous","id.outcome","se.outcome","outcome","se.exposure","exposure","id.exposure","action","SNP_index","mr_keep","samplesize.outcome"
"rs111483542","A","G","A","G",0.500229684552587,-0.0335609138507178,0.018655,0.0197569963445857,FALSE,FALSE,FALSE,2,0.113230918617848,"CKD",0.1055,"ShortSleep",1,2,1,TRUE,NA
"rs16822697","A","C","A","C",-0.275974869960196,0.0446803228531198,0.120164,0.12771216292218,FALSE,FALSE,FALSE,2,0.0460590597322008,"CKD",0.0563548,"ShortSleep",1,2,1,TRUE,NA
"rs182626019","T","A","T","A",0.458980598255444,-0.0447396284632387,0.0237495,0.0272154146687977,FALSE,TRUE,FALSE,2,0.0976353751651195,"CKD",0.100025,"ShortSleep",1,2,1,TRUE,NA
"rs55654912","C","T","C","T",0.507793030098564,-0.0827133147141295,0.0201158,0.0168823276564839,FALSE,FALSE,FALSE,2,0.12610396721144,"CKD",0.107884,"ShortSleep",1,2,1,TRUE,NA
"rs7241626","C","T","C","T",0.354866309344795,-0.106208769089526,0.0338432,0.0350413687965306,FALSE,FALSE,FALSE,2,0.08890773013526,"CKD",0.0796217,"ShortSleep",1,2,1,TRUE,NA
"rs72776898","A","G","A","G",-0.267926505086432,-0.017538506149874,0.0896331,0.0875301534682038,FALSE,FALSE,FALSE,2,0.0559361545153396,"CKD",0.0601937,"ShortSleep",1,2,1,TRUE,NA
"rs78213764","T","G","T","G",0.406104903395504,0.119009562323161,0.0316139,0.0322327625756612,FALSE,FALSE,FALSE,2,0.0840565464762012,"CKD",0.0815399,"ShortSleep",1,2,1,TRUE,NA
"rs78440839","G","T","G","T",0.583181633558071,0.0296231062916901,0.0151506,0.0141417280880916,FALSE,FALSE,FALSE,2,0.132635904567704,"CKD",0.122924,"ShortSleep",1,2,1,TRUE,NA
"rs824446","A","G","A","G",0.153098698117051,-0.00253184716341631,0.521318,0.528318780523901,FALSE,FALSE,FALSE,2,0.031495133782952,"CKD",0.0321989,"ShortSleep",1,2,1,TRUE,NA
