"SNP","exposure","outcome","effect_allele.exposure","other_allele.exposure","effect_allele.outcome","other_allele.outcome","eaf.exposure","eaf.outcome","beta.exposure","se.exposure","beta.outcome","se.outcome","raw_Fstat","APM_Fstat"
"rs111483542","ShortSleep","CAD","A","G","A","G",0.0186623,0.0197997100677495,0.515132336550815,0.106023,0.117982930967864,0.118063629488118,23.6068178024823,22.8581466195768
"rs147731842","ShortSleep","CAD","G","C","G","C",0.0570066,0.0540520545107497,-0.353065750633974,0.0790661,-0.0361608117267887,0.0810967113428181,19.9402475869018,19.1483799507633
"rs16822697","ShortSleep","CAD","A","C","A","C",0.119789,0.127720165096084,-0.273196825371171,0.0566705,0.0181816272809163,0.0527957589655916,23.2400580219935,22.4842094052529
"rs182626019","ShortSleep","CAD","T","A","T","A",0.0236907,0.0271955386595269,0.47354111495872,0.100448,0.0216817289162781,0.106901724735521,22.2245408145128,21.4889810830801
"rs55654912","ShortSleep","CAD","C","T","C","T",0.0202258,0.0168967969421316,0.490351451033641,0.108462,-0.068081168288673,0.144624693135228,20.4390032523685,19.7267606257761
"rs7241626","ShortSleep","CAD","C","T","C","T",0.0339707,0.0350474894221381,0.354480537990197,0.0799647,-0.0294963220999099,0.0965019118896726,19.6511589175426,18.8952440068341
"rs78213764","ShortSleep","CAD","T","G","T","G",0.0316767,0.0322475666400402,0.402674551457536,0.082147,0.0390630377075799,0.100116894420025,24.0284054673864,23.2841763820409
"rs78440839","ShortSleep","CAD","G","T","G","T",0.0152343,0.0141426394662485,0.570691369473482,0.123914,0.0192832918547205,0.152795819765326,21.2110348117306,20.4857772255505
"rs8045541","ShortSleep","CAD","A","C","A","C",0.0761298,0.0796511885918847,0.251707684278962,0.0560818,-0.108241491735883,0.068740411798561,20.144155243311,19.4500744694449
"rs824446","ShortSleep","CAD","A","G","A","G",0.522133,0.528313190633275,0.14660801963609,0.0323741,0.040157310688941,0.0359011455756967,20.507845976993,19.7191278475583
