"SNP","exposure","outcome","effect_allele.exposure","other_allele.exposure","effect_allele.outcome","other_allele.outcome","eaf.exposure","eaf.outcome","beta.exposure","se.exposure","beta.outcome","se.outcome","raw_Fstat","APM_Fstat"
"rs111483542","ShortSleep","CKD","A","G","A","G",0.0186623,0.0197569963445857,0.515132336550815,0.106023,-0.0235422250646844,0.113472856019203,23.6068178024823,22.8581466195768
"rs147731842","ShortSleep","CKD","G","C","G","C",0.0570066,0.0540546541923259,-0.353065750633974,0.0790661,-0.0308214035782184,0.0709541176355644,19.9402475869018,19.1483799507633
"rs16822697","ShortSleep","CKD","A","C","A","C",0.119789,0.12771216292218,-0.273196825371171,0.0566705,0.0441339929570462,0.0461502744686365,23.2400580219935,22.4842094052529
"rs182626019","ShortSleep","CKD","T","A","T","A",0.0236907,0.0272154146687977,0.47354111495872,0.100448,-0.0467989216385521,0.0979426954384669,22.2245408145128,21.4889810830801
"rs55654912","ShortSleep","CKD","C","T","C","T",0.0202258,0.0168823276564839,0.490351451033641,0.108462,-0.0706790280668008,0.126394736142763,20.4390032523685,19.7267606257761
"rs7241626","ShortSleep","CKD","C","T","C","T",0.0339707,0.0350413687965306,0.354480537990197,0.0799647,-0.108784914567985,0.0891271877054259,19.6511589175426,18.8952440068341
"rs78213764","ShortSleep","CKD","T","G","T","G",0.0316767,0.0322327625756612,0.402674551457536,0.082147,0.12247627764782,0.0842948336303147,24.0284054673864,23.2841763820409
"rs78440839","ShortSleep","CKD","G","T","G","T",0.0152343,0.0141417280880916,0.570691369473482,0.123914,0.02967334675062,0.132879185164911,21.2110348117306,20.4857772255505
"rs8045541","ShortSleep","CKD","A","C","A","C",0.0761298,0.0796507325736274,0.251707684278962,0.0560818,-0.217015202161175,0.0634648015915691,20.144155243311,19.4500744694449
"rs824446","ShortSleep","CKD","A","G","A","G",0.522133,0.528318780523901,0.14660801963609,0.0323741,-0.00118081514662496,0.0315758388883905,20.507845976993,19.7191278475583
