"SNP","effect_allele.exposure","other_allele.exposure","effect_allele.outcome","other_allele.outcome","beta.exposure","beta.outcome","eaf.exposure","eaf.outcome","remove","palindromic","ambiguous","id.outcome","se.outcome","outcome","se.exposure","exposure","id.exposure","action","SNP_index","mr_keep","samplesize.outcome"
"rs111920836","C","T","C","T",0.4001577154502,0.0432428996163885,0.10177,0.109138704657733,FALSE,FALSE,FALSE,2,0.0486676503997996,"CKD",0.085974,"LongSleep",1,2,1,TRUE,NA
"rs116045290","G","A","G","A",0.8462716196966,0.0131105646934287,0.0135481,0.0124183587328387,FALSE,FALSE,FALSE,2,0.139709379111566,"CKD",0.179944,"LongSleep",1,2,1,TRUE,NA
"rs138250961","G","C","G","C",0.727862567648398,0.226106747505628,0.0226649,0.0229384952347126,FALSE,TRUE,FALSE,2,0.0953190171986827,"CKD",0.158689,"LongSleep",1,2,1,TRUE,NA
"rs138971980","G","C","G","C",0.931466987723653,-0.0781165558448445,0.0131425,0.0153694741671477,FALSE,TRUE,FALSE,2,0.134318431518706,"CKD",0.190514,"LongSleep",1,2,1,TRUE,NA
"rs145916213","G","C","G","C",0.675090128859826,0.0462343943583962,0.0266729,0.0284972176178072,FALSE,TRUE,FALSE,2,0.0931189102432627,"CKD",0.149385,"LongSleep",1,2,1,TRUE,NA
"rs1777334","C","T","C","T",-0.281124950772763,0.000895708823223051,0.507294,0.52428916090644,FALSE,FALSE,FALSE,2,0.0314051092392331,"CKD",0.0615623,"LongSleep",1,2,1,TRUE,NA
"rs283864","C","G","C","G",-0.0862956331953415,-0.0683608500229971,0.384161,0.395775982002782,FALSE,TRUE,FALSE,2,0.0324712878327502,"CKD",0.0614722,"LongSleep",1,2,1,TRUE,NA
"rs304128","A","G","A","G",0.331229948379266,-0.0579936409795657,0.142702,0.134138941510774,FALSE,FALSE,FALSE,2,0.0471111410492504,"CKD",0.0730405,"LongSleep",1,2,1,TRUE,NA
"rs4938609","A","C","A","C",0.223767356707162,0.0186939047167634,0.021913,0.019860297164506,FALSE,FALSE,FALSE,2,0.111717685368148,"CKD",0.185979,"LongSleep",1,2,1,TRUE,NA
"rs61891046","A","G","A","G",0.343674807151713,0.0331843426398978,0.157704,0.165051058161906,FALSE,FALSE,FALSE,2,0.0417600258539564,"CKD",0.0730281,"LongSleep",1,2,1,TRUE,NA
"rs74790696","T","A","T","A",0.490871865050033,-0.00387294968528563,0.0620361,0.0645175613871498,FALSE,TRUE,FALSE,2,0.0641422184198927,"CKD",0.106186,"LongSleep",1,2,1,TRUE,NA
