"SNP","effect_allele.exposure","other_allele.exposure","effect_allele.outcome","other_allele.outcome","beta.exposure","beta.outcome","eaf.exposure","eaf.outcome","remove","palindromic","ambiguous","id.outcome","se.outcome","outcome","se.exposure","exposure","id.exposure","action","SNP_index","mr_keep","samplesize.outcome"
"rs11058004","A","G","A","G",-0.117742411481556,0.0045079798452043,0.352441,0.372874457977535,FALSE,FALSE,FALSE,2,0.0325108530859174,"CKD",0.0265624,"Sleepiness",1,2,1,TRUE,NA
"rs117134599","T","G","T","G",0.347814808606414,0.00111414198288915,0.0261767,0.0248401704848162,FALSE,FALSE,FALSE,2,0.101753943450789,"CKD",0.074731,"Sleepiness",1,2,1,TRUE,NA
"rs13013628","C","T","C","T",0.166708640388778,0.0115898650840032,0.12503,0.131140592233443,FALSE,FALSE,FALSE,2,0.0462700977212606,"CKD",0.0373754,"Sleepiness",1,2,1,TRUE,NA
"rs13401678","T","A","T","A",0.148195842064579,-0.000891069028319943,0.179245,0.182542031730997,FALSE,TRUE,FALSE,2,0.0404799430734472,"CKD",0.0326571,"Sleepiness",1,2,1,TRUE,NA
"rs62139969","A","G","A","G",0.455600398934992,0.159558029220573,0.0163186,0.0183233674738026,FALSE,FALSE,FALSE,2,0.10955557891465,"CKD",0.100938,"Sleepiness",1,2,1,TRUE,NA
"rs62460510","C","T","C","T",0.212341417780123,0.0221912387256075,0.0731719,0.0710023689665383,FALSE,FALSE,FALSE,2,0.0605907621258461,"CKD",0.0469628,"Sleepiness",1,2,1,TRUE,NA
"rs72727875","A","T","A","T",0.176487907434603,0.0180681191065969,0.118078,0.118348406577954,FALSE,TRUE,FALSE,2,0.0482720383180099,"CKD",0.039475,"Sleepiness",1,2,1,TRUE,NA
"rs7434941","A","G","A","G",0.147151960109606,-0.0168142522088198,0.243496,0.2421782500592,FALSE,FALSE,FALSE,2,0.0367756035110002,"CKD",0.0316807,"Sleepiness",1,2,1,TRUE,NA
"rs76636859","T","C","T","C",-0.237342632839088,-0.0452884909777634,0.0713587,0.0768524958932086,FALSE,FALSE,FALSE,2,0.0596757399864442,"CKD",0.0493712,"Sleepiness",1,2,1,TRUE,NA
"rs9919172","G","A","G","A",-0.193782584174719,-0.0825899919112519,0.104919,0.116761636942204,FALSE,FALSE,FALSE,2,0.0503722557468617,"CKD",0.042119,"Sleepiness",1,2,1,TRUE,NA
