"SNP","exposure","outcome","effect_allele.exposure","other_allele.exposure","effect_allele.outcome","other_allele.outcome","eaf.exposure","eaf.outcome","beta.exposure","se.exposure","beta.outcome","se.outcome","raw_Fstat","APM_Fstat"
"rs11646817","Insomnia","T2DM","A","G","A","G",0.177294,0.180861300685428,0.0479135896139988,0.030472,0.0234465443824842,0.0371024550541519,2.47238157385615,19.6265966814365
"rs117286058","Insomnia","T2DM","G","A","G","A",0.0157571,0.015603949842332,-0.523041602595644,0.114223,-0.0631876631915551,0.120614603376209,20.9684024203965,20.1484872352185
"rs11789898","Insomnia","T2DM","T","G","T","G",0.177465,0.182550375316465,0.0463109028632504,0.0306361,0.0067746147344888,0.0369302905326739,2.28507015985045,22.4382134599388
"rs12553270","Insomnia","T2DM","C","T","C","T",0.0585398,0.0580154253823037,0.232245998062745,0.0466223,0.0733444661100071,0.0599793915762266,24.8147034339497,24.0926781731843
"rs1475549","Insomnia","T2DM","T","G","T","G",0.058666,0.0612593809671833,-0.25483934780231,0.0563339,-0.104785154344018,0.0619193905099788,20.4641322063392,19.674410849583
"rs150081707","Insomnia","T2DM","A","G","A","G",0.0356968,0.0336949764660608,0.27443724570168,0.0589772,0.0689993939880938,0.0769105611223583,21.6529864311779,20.919180550319
"rs28573814","Insomnia","T2DM","A","G","A","G",0.391508,0.397350503256365,0.118485011435946,0.0249314,0.000499598500207531,0.0292582609888689,22.5856969409558,21.8718133535941
"rs4921425","Insomnia","T2DM","A","G","A","G",0.0578649,0.0632474837181764,0.218155129802784,0.0484463,-0.0306472314938928,0.059760076335218,20.2772768597401,19.5514789192026
"rs76585741","Insomnia","T2DM","T","A","T","A",0.0424392,0.0384715164278411,0.0909917780057293,0.0606006,-0.0801483028876314,0.0777991455330197,2.25450111549826,20.3513406438292
"rs78182614","Insomnia","T2DM","T","C","T","C",0.363058,0.545311506675143,0.136242713669427,0.0264562,-0.00760602386048558,0.0700303545438222,26.5198852442961,25.7629977075639
