"SNP","beta_outcome","se_outcome","beta_exp1","beta_exp2","se_exp1","se_exp2","exp1","exp2","outcome","cond_F_stat_exp1","cond_F_stat_exp2"
"rs117849753",-0.1008617861073,0.110246438826668,0.0071,0.403870504069325,0.0102,0.0899587,"BMI","OSA","AF",3.65207085580278,8.75132635293549
"rs11805515",-0.0530842481632847,0.0633858956885414,0.0017,0.255835304812432,0.0053,0.0523207,"BMI","OSA","AF",3.65207085580278,8.75132635293549
"rs12301832",-0.0563300354724313,0.028904225783599,0.0032,0.119869745850384,0.0028,0.0270299,"BMI","OSA","AF",3.65207085580278,8.75132635293549
"rs146632866",0.0387163710447515,0.104961101051077,0.0265,0.402888458061381,0.0111,0.0910824,"BMI","OSA","AF",3.65207085580278,8.75132635293549
"rs147156372",0.148395591484889,0.103474581197605,-0.0256,0.452361416572393,0.0103,0.0979001,"BMI","OSA","AF",3.65207085580278,8.75132635293549
"rs148993979",-0.145746724262771,0.0959687415139415,0.0182,0.356736942016812,0.0081,0.0790262,"BMI","OSA","AF",3.65207085580278,8.75132635293549
"rs322237",-0.0298447349926542,0.031324857565222,-7e-04,0.12812053027586,0.0027,0.0286622,"BMI","OSA","AF",3.65207085580278,8.75132635293549
"rs56353887",-0.0244402896509946,0.0445236838773188,0.0141,0.174096154063185,0.0042,0.0383808,"BMI","OSA","AF",3.65207085580278,8.75132635293549
"rs57946121",0.0453483797554352,0.0565484030670459,0.0091,-0.263804100534125,0.0058,0.0587567,"BMI","OSA","AF",3.65207085580278,8.75132635293549
"rs7183818",-0.00994669318968348,0.0271429540386199,-0.0131,-0.110394274903555,0.0023,0.0247124,"BMI","OSA","AF",3.65207085580278,8.75132635293549
"rs73270123",-0.00346413577462578,0.0454729904265428,-0.004,-0.202078241145528,0.0045,0.0443982,"BMI","OSA","AF",3.65207085580278,8.75132635293549
"rs75439231",-0.088140470068713,0.0873382626798901,0.0042,0.321873332158038,0.0079,0.0715071,"BMI","OSA","AF",3.65207085580278,8.75132635293549
"rs78203474",-0.0963620085824072,0.053512876491666,0.0028,0.220147066333935,0.0053,0.0468536,"BMI","OSA","AF",3.65207085580278,8.75132635293549
"rs79252054",-0.00741705608415395,0.11086114978675,0.0274,0.398104753701872,0.0099,0.0881917,"BMI","OSA","AF",3.65207085580278,8.75132635293549
"rs9829686",0.00701396639550564,0.0267476366623243,-0.003,-0.109722236368893,0.0023,0.0247276,"BMI","OSA","AF",3.65207085580278,8.75132635293549
