"SNP","effect_allele.exposure","other_allele.exposure","effect_allele.outcome","other_allele.outcome","beta.exposure","beta.outcome","eaf.exposure","eaf.outcome","remove","palindromic","ambiguous","id.outcome","se.outcome","outcome","se.exposure","exposure","id.exposure","action","SNP_index","mr_keep","samplesize.outcome"
"rs11004745","C","T","C","T",0.132343186987713,-0.0307031085420674,0.246937,0.259165248279435,FALSE,FALSE,FALSE,2,0.0361108914622861,"CKD",0.0295542,"Sleepiness",1,2,1,TRUE,NA
"rs117134599","T","G","T","G",0.355756522318681,0.00230373971735408,0.0262883,0.0248401704848162,FALSE,FALSE,FALSE,2,0.101982724117148,"CKD",0.0759337,"Sleepiness",1,2,1,TRUE,NA
"rs11903853","C","T","C","T",0.167503983443531,0.0013593215892522,0.133125,0.1417444098919,FALSE,FALSE,FALSE,2,0.0448977782572783,"CKD",0.0373451,"Sleepiness",1,2,1,TRUE,NA
"rs12065179","C","G","C","G",-0.19791815384964,-0.0635453885253973,0.0974634,0.108352695683059,FALSE,TRUE,FALSE,2,0.0518403512775473,"CKD",0.0441659,"Sleepiness",1,2,1,TRUE,NA
"rs12292717","C","T","C","T",-0.218570274703504,0.0789151413172103,0.0755928,0.079984309546013,FALSE,FALSE,FALSE,2,0.056344845990205,"CKD",0.0488918,"Sleepiness",1,2,1,TRUE,NA
"rs13401678","T","A","T","A",0.15251505721129,-0.00107395499864538,0.178788,0.182542031730997,FALSE,TRUE,FALSE,2,0.0405488676575809,"CKD",0.0331991,"Sleepiness",1,2,1,TRUE,NA
"rs1456040","T","C","T","C",0.180720275426981,0.0640813875678178,0.105871,0.106421393793195,FALSE,FALSE,FALSE,2,0.0498582981427695,"CKD",0.0408954,"Sleepiness",1,2,1,TRUE,NA
"rs200171962","C","G","C","G",0.178347002038543,0.064302508626733,0.130993,0.171440798858773,FALSE,TRUE,FALSE,2,0.0475333422918885,"CKD",0.039867,"Sleepiness",1,2,1,TRUE,NA
"rs6048097","A","T","A","T",-0.140954302954584,-0.0480986763102554,0.248879,0.259095618709295,FALSE,TRUE,FALSE,2,0.0362852249981512,"CKD",0.030392,"Sleepiness",1,2,1,TRUE,NA
"rs62460510","C","T","C","T",0.216449194021483,0.0245519077350382,0.0726653,0.0710023689665383,FALSE,FALSE,FALSE,2,0.0607463762172403,"CKD",0.0479116,"Sleepiness",1,2,1,TRUE,NA
"rs7434941","A","G","A","G",0.153210237750202,-0.0210328405320022,0.243582,0.2421782500592,FALSE,FALSE,FALSE,2,0.0368939489699972,"CKD",0.0321778,"Sleepiness",1,2,1,TRUE,NA
"rs76636859","T","C","T","C",-0.232167898522594,-0.0444198187775679,0.0714405,0.0768524958932086,FALSE,FALSE,FALSE,2,0.0597921948062412,"CKD",0.0500009,"Sleepiness",1,2,1,TRUE,NA
