"SNP","effect_allele.exposure","other_allele.exposure","effect_allele.outcome","other_allele.outcome","beta.exposure","beta.outcome","eaf.exposure","eaf.outcome","remove","palindromic","ambiguous","id.outcome","se.outcome","outcome","se.exposure","exposure","id.exposure","action","SNP_index","mr_keep","samplesize.outcome"
"rs112324736","G","A","G","A",0.0439977464776452,0.0306108173949218,0.184698,0.185669634260151,FALSE,FALSE,FALSE,2,0.0444258581715141,"HF",0.031276,"Insomnia",1,2,1,TRUE,NA
"rs117127404","T","C","T","C",-0.523563068348089,-0.108115284890639,0.0155672,0.0156626862579719,FALSE,FALSE,FALSE,2,0.145755529593482,"HF",0.115427,"Insomnia",1,2,1,TRUE,NA
"rs11789898","T","G","T","G",0.0466450078230438,-0.0585503561535179,0.177533,0.182627551397996,FALSE,FALSE,FALSE,2,0.0458310240341177,"HF",0.0305657,"Insomnia",1,2,1,TRUE,NA
"rs11951138","G","A","G","A",-0.0798953018716389,0.123716676127959,0.050806,0.0554832122404889,FALSE,FALSE,FALSE,2,0.0724525660241242,"HF",0.0559484,"Insomnia",1,2,1,TRUE,NA
"rs12553270","C","T","C","T",0.242569637139312,-0.0324766339931624,0.0582212,0.0580221699299975,FALSE,FALSE,FALSE,2,0.0758126068028449,"HF",0.0465059,"Insomnia",1,2,1,TRUE,NA
"rs150081707","A","G","A","G",0.26842279751297,0.0907079117783191,0.035717,0.0336712044983723,FALSE,FALSE,FALSE,2,0.0928790020058932,"HF",0.0588301,"Insomnia",1,2,1,TRUE,NA
"rs28573814","A","G","A","G",0.116982715485614,-0.0243058847763475,0.39154,0.397296457426973,FALSE,FALSE,FALSE,2,0.035746497891766,"HF",0.0248692,"Insomnia",1,2,1,TRUE,NA
"rs76725568","C","G","C","G",0.213925192504131,0.00811376735445974,0.0712185,0.0770602423901623,FALSE,TRUE,FALSE,2,0.0648623475117286,"HF",0.0469983,"Insomnia",1,2,1,TRUE,NA
"rs78182614","T","C","T","C",0.132229295263576,0.161531066584798,0.36344,0.545509419576198,FALSE,FALSE,FALSE,2,0.0825389391283315,"HF",0.026397,"Insomnia",1,2,1,TRUE,NA
