"SNP","exposure","outcome","effect_allele.exposure","other_allele.exposure","effect_allele.outcome","other_allele.outcome","eaf.exposure","eaf.outcome","beta.exposure","se.exposure","beta.outcome","se.outcome","raw_Fstat","APM_Fstat"
"rs111483542","ShortSleep","HF","A","G","A","G",0.018655,0.0197691624741048,0.500229684552587,0.1055,0.130708448858675,0.118299902733555,22.4819511967459,21.7333692543929
"rs12742385","ShortSleep","HF","G","A","G","A",0.16342,0.173710691823899,-0.0617903009564515,0.0445611,-0.00534948932241606,0.0461214953985411,1.9227765421546,21.8877963244299
"rs16822697","ShortSleep","HF","A","C","A","C",0.120164,0.127672955974843,-0.275974869960196,0.0563548,-0.0455500752861941,0.0528519253855039,23.9815499804302,23.2144952339625
"rs17668087","ShortSleep","HF","G","C","G","C",0.119842,0.115224114713586,0.0676399567103398,0.0476392,0.0707128862614569,0.0530189540825099,2.01594055786591,22.8923027112747
"rs182626019","ShortSleep","HF","T","A","T","A",0.0237495,0.0272117902960891,0.458980598255444,0.100025,0.0949888273026475,0.102394883074586,21.0557897466323,20.319631779895
"rs448086","ShortSleep","HF","G","A","G","A",0.353619,0.351828284771446,-0.0502275467089371,0.0331232,0.0253563421583085,0.0362706308749407,2.29942558115668,20.5031498336301
"rs55654912","ShortSleep","HF","C","T","C","T",0.0201158,0.0168948959630091,0.507793030098564,0.107884,-0.0925533001715345,0.138966127901746,22.1543692716013,21.4399835903975
"rs61766953","ShortSleep","HF","C","G","C","G",0.0475824,0.0578041525461353,-0.117096896103973,0.0827505,-0.0468122924865479,0.0758713476925612,2.00239389981308,20.3405477908009
"rs62436669","ShortSleep","HF","A","G","A","G",0.179945,0.190793270297865,-0.0686536433170481,0.0415572,-0.0618112766731075,0.0450980699694717,2.72919534527087,21.0595182180996
"rs78213764","ShortSleep","HF","T","G","T","G",0.0316139,0.0322358686001776,0.406104903395504,0.0815399,-0.0593480373408403,0.0997717813581528,24.8048221537138,24.0611305093796
"rs78440839","ShortSleep","HF","G","T","G","T",0.0151506,0.0141472438031816,0.583181633558071,0.122924,-0.0703747936953328,0.152486087953892,22.5078653423538,21.7835226692962
"rs824446","ShortSleep","HF","A","G","A","G",0.521318,0.528278015359801,0.153098698117051,0.0321989,-0.057204989747884,0.0348249655814151,22.6079365032236,21.814250178608
