"SNP","exposure","outcome","effect_allele.exposure","other_allele.exposure","effect_allele.outcome","other_allele.outcome","eaf.exposure","eaf.outcome","beta.exposure","se.exposure","beta.outcome","se.outcome","raw_Fstat","APM_Fstat"
"rs111483542","ShortSleep","HF","A","G","A","G",0.018655,0.0197691624741048,0.500229684552587,0.1055,0.130708448858675,0.118299902733555,22.4819511967459,21.7333692543929
"rs16822697","ShortSleep","HF","A","C","A","C",0.120164,0.127672955974843,-0.275974869960196,0.0563548,-0.0455500752861941,0.0528519253855039,23.9815499804302,23.2144952339625
"rs182626019","ShortSleep","HF","T","A","T","A",0.0237495,0.0272117902960891,0.458980598255444,0.100025,0.0949888273026475,0.102394883074586,21.0557897466323,20.319631779895
"rs55654912","ShortSleep","HF","C","T","C","T",0.0201158,0.0168948959630091,0.507793030098564,0.107884,-0.0925533001715345,0.138966127901746,22.1543692716013,21.4399835903974
"rs7241626","ShortSleep","HF","C","T","C","T",0.0338432,0.0350589001361511,0.354866309344795,0.0796217,-0.171093358072314,0.102133479054207,19.8639973098172,19.1094266850842
"rs72776898","ShortSleep","HF","A","G","A","G",0.0896331,0.0875332938739272,-0.267926505086432,0.0601937,-0.0395494428026434,0.0623747190388745,19.8120437889605,19.0448892815322
"rs78213764","ShortSleep","HF","T","G","T","G",0.0316139,0.0322358686001776,0.406104903395504,0.0815399,-0.0593480373408403,0.0997717813581528,24.8048221537138,24.0611305093796
"rs78440839","ShortSleep","HF","G","T","G","T",0.0151506,0.0141472438031816,0.583181633558071,0.122924,-0.0703747936953328,0.152486087953892,22.5078653423538,21.7835226692963
"rs824446","ShortSleep","HF","A","G","A","G",0.521318,0.528278015359801,0.153098698117051,0.0321989,-0.057204989747884,0.0348249655814151,22.6079365032236,21.814250178608
