"SNP","exposure","outcome","effect_allele.exposure","other_allele.exposure","effect_allele.outcome","other_allele.outcome","eaf.exposure","eaf.outcome","beta.exposure","se.exposure","beta.outcome","se.outcome","raw_Fstat","APM_Fstat"
"rs11058004","Sleepiness","CAD","A","G","A","G",0.352441,0.372851394929144,-0.117742411481556,0.0265624,0.0338142950292589,0.0368463141487266,19.6485826445071,18.8593935085316
"rs117134599","Sleepiness","CAD","T","G","T","G",0.0261767,0.0248509681523009,0.347814808606414,0.074731,0.0875797544171417,0.113311302723529,21.6618004022414,20.8927191633696
"rs13013628","Sleepiness","CAD","C","T","C","T",0.12503,0.131132187667241,0.166708640388778,0.0373754,-0.0179555182336418,0.052855315797036,19.8950264383092,19.1201412333076
"rs13401678","Sleepiness","CAD","T","A","T","A",0.179245,0.182576665335286,0.148195842064579,0.0326571,-0.0112759024760668,0.0461643241346944,20.5928665637153,19.8143160477521
"rs62139969","Sleepiness","CAD","A","G","A","G",0.0163186,0.0183223611213847,0.455600398934992,0.100938,0.152509466164572,0.12601090504493,20.3731789911684,19.5948780800987
"rs62460510","Sleepiness","CAD","C","T","C","T",0.0731719,0.0710289917272203,0.212341417780123,0.0469628,0.028774029920501,0.0692534689313326,20.4437923345271,19.6599306224668
"rs72727875","Sleepiness","CAD","A","T","A","T",0.118078,0.118382896878236,0.176487907434603,0.039475,0.0299978555237484,0.0545614957356703,19.9887497249693,19.231850098277
"rs7434941","Sleepiness","CAD","A","G","A","G",0.243496,0.242089380020414,0.147151960109606,0.0316807,-0.00193591994065012,0.041739534548689,21.5745906800025,20.7822966419148
"rs76636859","Sleepiness","CAD","T","C","T","C",0.0713587,0.0768098576965179,-0.237342632839088,0.0493712,0.00396489790748874,0.0659977359846852,23.1102234706022,22.3235331475956
"rs9919172","Sleepiness","CAD","G","A","G","A",0.104919,0.116796851884727,-0.193782584174719,0.042119,-0.00749616398063297,0.0558395505689934,21.1676859326806,20.3692558194559
