"SNP","effect_allele.exposure","other_allele.exposure","effect_allele.outcome","other_allele.outcome","beta.exposure","beta.outcome","eaf.exposure","eaf.outcome","remove","palindromic","ambiguous","id.outcome","se.outcome","outcome","se.exposure","exposure","id.exposure","action","SNP_index","mr_keep","samplesize.outcome"
"rs112324736","G","A","G","A",0.0439977464776452,0.0418362122734206,0.184698,0.185674094913748,FALSE,FALSE,FALSE,2,0.0340990759456052,"AF",0.031276,"Insomnia",1,2,1,TRUE,NA
"rs117127404","T","C","T","C",-0.523563068348089,0.115764389667264,0.0155672,0.0156635950834948,FALSE,FALSE,FALSE,2,0.102128806533518,"AF",0.115427,"Insomnia",1,2,1,TRUE,NA
"rs11789898","T","G","T","G",0.0466450078230438,-0.0340005609259809,0.177533,0.182618473420231,FALSE,FALSE,FALSE,2,0.0349578033776473,"AF",0.0305657,"Insomnia",1,2,1,TRUE,NA
"rs11951138","G","A","G","A",-0.0798953018716389,0.132991109939238,0.050806,0.0554898161432988,FALSE,FALSE,FALSE,2,0.0557304353986072,"AF",0.0559484,"Insomnia",1,2,1,TRUE,NA
"rs12553270","C","T","C","T",0.242569637139312,0.0565330033743509,0.0582212,0.0580425166797343,FALSE,FALSE,FALSE,2,0.056370192399866,"AF",0.0465059,"Insomnia",1,2,1,TRUE,NA
"rs150081707","A","G","A","G",0.26842279751297,0.0751727765134795,0.035717,0.0336942373683588,FALSE,FALSE,FALSE,2,0.072654888956651,"AF",0.0588301,"Insomnia",1,2,1,TRUE,NA
"rs28573814","A","G","A","G",0.116982715485614,0.0187001959404117,0.39154,0.397331597787179,FALSE,FALSE,FALSE,2,0.0274031266365828,"AF",0.0248692,"Insomnia",1,2,1,TRUE,NA
"rs76725568","C","G","C","G",0.213925192504131,0.0569183356866737,0.0712185,0.0770431181125656,FALSE,TRUE,FALSE,2,0.0490288327045424,"AF",0.0469983,"Insomnia",1,2,1,TRUE,NA
"rs78182614","T","C","T","C",0.132229295263576,0.0394369028168796,0.36344,0.545427119720546,FALSE,FALSE,FALSE,2,0.0652246636166923,"AF",0.026397,"Insomnia",1,2,1,TRUE,NA
