"SNP","effect_allele.exposure","other_allele.exposure","effect_allele.outcome","other_allele.outcome","beta.exposure","beta.outcome","eaf.exposure","eaf.outcome","remove","palindromic","ambiguous","id.outcome","se.outcome","outcome","se.exposure","exposure","id.exposure","action","SNP_index","mr_keep","samplesize.outcome"
"rs117127404","T","C","T","C",-0.523563068348089,0.115764389667264,0.0155672,0.0156635950834948,FALSE,FALSE,FALSE,2,0.102128806533518,"AF",0.115427,"Insomnia",1,2,1,TRUE,NA
"rs12553270","C","T","C","T",0.242569637139312,0.0565330033743509,0.0582212,0.0580425166797343,FALSE,FALSE,FALSE,2,0.056370192399866,"AF",0.0465059,"Insomnia",1,2,1,TRUE,NA
"rs1475549","T","G","T","G",-0.249663363467434,-0.115375063997306,0.0586521,0.0612768664112539,FALSE,FALSE,FALSE,2,0.0581703704662445,"AF",0.0561647,"Insomnia",1,2,1,TRUE,NA
"rs150081707","A","G","A","G",0.26842279751297,0.0751727765134795,0.035717,0.0336942373683588,FALSE,FALSE,FALSE,2,0.072654888956651,"AF",0.0588301,"Insomnia",1,2,1,TRUE,NA
"rs28573814","A","G","A","G",0.116982715485614,0.0187001959404117,0.39154,0.397331597787179,FALSE,FALSE,FALSE,2,0.0274031266365828,"AF",0.0248692,"Insomnia",1,2,1,TRUE,NA
"rs56256111","A","G","A","G",0.153553358609311,-0.0124357921548712,0.139098,0.143106483056488,FALSE,FALSE,FALSE,2,0.0385500547018088,"AF",0.0344867,"Insomnia",1,2,1,TRUE,NA
"rs5771648","T","C","T","C",-0.110874579090541,0.0125466517233217,0.386769,0.397983936574615,FALSE,FALSE,FALSE,2,0.0274216202594323,"AF",0.0250637,"Insomnia",1,2,1,TRUE,NA
"rs60365505","G","T","G","T",0.213949414474266,-0.000538593555528093,0.0572297,0.0617493047748654,FALSE,FALSE,FALSE,2,0.0554219366857828,"AF",0.0483258,"Insomnia",1,2,1,TRUE,NA
"rs73313142","A","G","A","G",0.218661522010342,-0.0627446482819701,0.0565757,0.0639385243476717,FALSE,FALSE,FALSE,2,0.0561450203807851,"AF",0.0492748,"Insomnia",1,2,1,TRUE,NA
"rs76725568","C","G","C","G",0.213925192504131,0.0569183356866737,0.0712185,0.0770431181125656,FALSE,TRUE,FALSE,2,0.0490288327045424,"AF",0.0469983,"Insomnia",1,2,1,TRUE,NA
"rs78182614","T","C","T","C",0.132229295263576,0.0394369028168796,0.36344,0.545427119720546,FALSE,FALSE,FALSE,2,0.0652246636166923,"AF",0.026397,"Insomnia",1,2,1,TRUE,NA
"rs9784526","G","A","G","A",0.124895460071316,0.0231515542346429,0.206092,0.208437495377424,FALSE,FALSE,FALSE,2,0.0327813294921046,"AF",0.0282546,"Insomnia",1,2,1,TRUE,NA
