"SNP","effect_allele.exposure","other_allele.exposure","effect_allele.outcome","other_allele.outcome","beta.exposure","beta.outcome","eaf.exposure","eaf.outcome","remove","palindromic","ambiguous","id.outcome","se.outcome","outcome","se.exposure","exposure","id.exposure","action","SNP_index","mr_keep","samplesize.outcome"
"rs111920836","C","T","C","T",0.4001577154502,0.0725933564442358,0.10177,0.109229095524463,FALSE,FALSE,FALSE,2,0.0426542045895362,"T2DM",0.085974,"LongSleep",1,2,1,TRUE,NA
"rs116045290","G","A","G","A",0.8462716196966,-0.0849441867970529,0.0135481,0.0124274203104633,FALSE,FALSE,FALSE,2,0.129901303658632,"T2DM",0.179944,"LongSleep",1,2,1,TRUE,NA
"rs138250961","G","C","G","C",0.727862567648398,0.179411555868774,0.0226649,0.0229415508488374,FALSE,TRUE,FALSE,2,0.087077422727183,"T2DM",0.158689,"LongSleep",1,2,1,TRUE,NA
"rs138971980","G","C","G","C",0.931466987723653,0.135530204836078,0.0131425,0.0153641207815275,FALSE,TRUE,FALSE,2,0.106434011635753,"T2DM",0.190514,"LongSleep",1,2,1,TRUE,NA
"rs145916213","G","C","G","C",0.675090128859826,0.191827604633386,0.0266729,0.0284931912374186,FALSE,TRUE,FALSE,2,0.0774933638798293,"T2DM",0.149385,"LongSleep",1,2,1,TRUE,NA
"rs1777334","C","T","C","T",-0.281124950772763,0.00148430530732507,0.507294,0.524322003789673,FALSE,FALSE,FALSE,2,0.0279832437919882,"T2DM",0.0615623,"LongSleep",1,2,1,TRUE,NA
"rs283864","C","G","C","G",-0.0862956331953415,-0.0792128833432812,0.384161,0.395813905294788,FALSE,TRUE,FALSE,2,0.0289830352087176,"T2DM",0.0614722,"LongSleep",1,2,1,TRUE,NA
"rs304128","A","G","A","G",0.331229948379266,-0.035883702242478,0.142702,0.134156811083645,FALSE,FALSE,FALSE,2,0.0413471912350577,"T2DM",0.0730405,"LongSleep",1,2,1,TRUE,NA
"rs4938609","A","C","A","C",0.223767356707162,-0.0468255939970414,0.021913,0.0198703432352027,FALSE,FALSE,FALSE,2,0.101950189876749,"T2DM",0.185979,"LongSleep",1,2,1,TRUE,NA
"rs61891046","A","G","A","G",0.343674807151713,0.00439595358789137,0.157704,0.165073045099984,FALSE,FALSE,FALSE,2,0.0377647653582392,"T2DM",0.0730281,"LongSleep",1,2,1,TRUE,NA
"rs74790696","T","A","T","A",0.490871865050033,-0.0558172486285755,0.0620361,0.0645409598247328,FALSE,TRUE,FALSE,2,0.05775955765733,"T2DM",0.106186,"LongSleep",1,2,1,TRUE,NA
