"SNP","beta_outcome","se_outcome","beta_exp1","beta_exp2","se_exp1","se_exp2","exp1","exp2","outcome","cond_F_stat_exp1","cond_F_stat_exp2"
"rs11058004",0.0045079798452043,0.0325108530859174,0.0031,-0.117742411481556,0.0027,0.0265624,"BMI","Sleepiness","CKD",1.619482980012,20.9034548248153
"rs117134599",0.00111414198288915,0.101753943450789,-1e-04,0.347814808606414,0.0079,0.074731,"BMI","Sleepiness","CKD",1.619482980012,20.9034548248153
"rs13013628",0.0115898650840032,0.0462700977212606,0.0026,0.166708640388778,0.0038,0.0373754,"BMI","Sleepiness","CKD",1.619482980012,20.9034548248153
"rs13401678",-0.000891069028319943,0.0404799430734472,0.0049,0.148195842064579,0.003,0.0326571,"BMI","Sleepiness","CKD",1.619482980012,20.9034548248153
"rs62139969",0.159558029220573,0.10955557891465,-0.008,0.455600398934992,0.0099,0.100938,"BMI","Sleepiness","CKD",1.619482980012,20.9034548248153
"rs62460510",0.0221912387256075,0.0605907621258461,0.013,0.212341417780123,0.005,0.0469628,"BMI","Sleepiness","CKD",1.619482980012,20.9034548248153
"rs72727875",0.0180681191065969,0.0482720383180099,0.0012,0.176487907434603,0.0042,0.039475,"BMI","Sleepiness","CKD",1.619482980012,20.9034548248153
"rs76636859",-0.0452884909777634,0.0596757399864442,0.005,-0.237342632839088,0.0052,0.0493712,"BMI","Sleepiness","CKD",1.619482980012,20.9034548248153
"rs9919172",-0.0825899919112519,0.0503722557468617,-0.0045,-0.193782584174719,0.0036,0.042119,"BMI","Sleepiness","CKD",1.619482980012,20.9034548248153
