"SNP","exposure","outcome","effect_allele.exposure","other_allele.exposure","effect_allele.outcome","other_allele.outcome","eaf.exposure","eaf.outcome","beta.exposure","se.exposure","beta.outcome","se.outcome","raw_Fstat","APM_Fstat"
"rs11004745","Sleepiness","HTN","C","T","C","T",0.246937,0.259073176498404,0.132343186987713,0.0295542,-0.011479331119622,0.0141727159572325,20.0523262358084,19.2833916876739
"rs117134599","Sleepiness","HTN","T","G","T","G",0.0262883,0.0249191034146486,0.355756522318681,0.0759337,0.0166284028120875,0.0398498553854062,21.9501057951147,21.1748147407978
"rs11903853","Sleepiness","HTN","C","T","C","T",0.133125,0.141707079070318,0.167503983443531,0.0373451,-0.0221379948563147,0.017845069635301,20.1179176305829,19.3324758581404
"rs12065179","Sleepiness","HTN","C","G","C","G",0.0974634,0.108380862318626,-0.19791815384964,0.0441659,0.00236941276687093,0.0199687994599909,20.0815436214371,19.2837094868569
"rs12292717","Sleepiness","HTN","C","T","C","T",0.0755928,0.0799982265310948,-0.218570274703504,0.0488918,-0.000467373589956402,0.0229196878624398,19.9852756687329,19.1874381473098
"rs13401678","Sleepiness","HTN","T","A","T","A",0.178788,0.182578500184706,0.15251505721129,0.0331991,0.0202523150935945,0.015975361954509,21.1043909288997,20.322826049442
"rs1456040","Sleepiness","HTN","T","C","T","C",0.105871,0.106452613847927,0.180720275426981,0.0408954,-0.0135595642465377,0.0201193875460334,19.5283180114215,18.7902576773146
"rs200171962","Sleepiness","HTN","C","G","C","G",0.130993,0.171438878973152,0.178347002038543,0.039867,0.0183485849269767,0.0190317589239834,20.0126460540344,19.259915975152
"rs6048097","Sleepiness","HTN","A","T","A","T",0.248879,0.259070152363781,-0.140954302954584,0.030392,0.0054475035205252,0.0141770660655693,21.5098863329859,20.7160725329585
"rs62460510","Sleepiness","HTN","C","T","C","T",0.0726653,0.0710600617913581,0.216449194021483,0.0479116,0.00683269448608353,0.0241422273548143,20.4094169173889,19.6219303458172
"rs7434941","Sleepiness","HTN","A","G","A","G",0.243582,0.242031769486516,0.153210237750202,0.0321778,-0.00688139581449284,0.0145022135599051,22.6705928317368,21.8745453167086
"rs76636859","Sleepiness","HTN","T","C","T","C",0.0714405,0.0768344218209758,-0.232167898522594,0.0500009,0.0153482056075641,0.0232441709439808,21.5599970748788,20.7774055067905
