"SNP","effect_allele.exposure","other_allele.exposure","effect_allele.outcome","other_allele.outcome","beta.exposure","beta.outcome","eaf.exposure","eaf.outcome","remove","palindromic","ambiguous","id.outcome","se.outcome","outcome","se.exposure","exposure","id.exposure","action","SNP_index","mr_keep","samplesize.outcome"
"rs111483542","A","G","A","G",0.515132336550815,0.149750334859285,0.0186623,0.0197691624741048,FALSE,FALSE,FALSE,2,0.118979030151811,"HF",0.106023,"ShortSleep",1,2,1,TRUE,NA
"rs147731842","G","C","G","C",-0.353065750633974,-0.0330903524072615,0.0570066,0.0540548541318216,FALSE,TRUE,FALSE,2,0.0787124473482685,"HF",0.0790661,"ShortSleep",1,2,1,TRUE,NA
"rs16822697","A","C","A","C",-0.273196825371171,-0.0483946867103558,0.119789,0.127672955974843,FALSE,FALSE,FALSE,2,0.0530385298847605,"HF",0.0566705,"ShortSleep",1,2,1,TRUE,NA
"rs182626019","T","A","T","A",0.47354111495872,0.0929253921745607,0.0236907,0.0272117902960891,FALSE,TRUE,FALSE,2,0.10293212396604,"HF",0.100448,"ShortSleep",1,2,1,TRUE,NA
"rs55654912","C","T","C","T",0.490351451033641,-0.0753178632699025,0.0202258,0.0168948959630091,FALSE,FALSE,FALSE,2,0.13959798322186,"HF",0.108462,"ShortSleep",1,2,1,TRUE,NA
"rs7241626","C","T","C","T",0.354480537990197,-0.175526040278452,0.0339707,0.0350589001361511,FALSE,FALSE,FALSE,2,0.10261931879305,"HF",0.0799647,"ShortSleep",1,2,1,TRUE,NA
"rs78213764","T","G","T","G",0.402674551457536,-0.0562048508920794,0.0316767,0.0322358686001776,FALSE,FALSE,FALSE,2,0.100284068018622,"HF",0.082147,"ShortSleep",1,2,1,TRUE,NA
"rs78440839","G","T","G","T",0.570691369473482,-0.07187283825353,0.0152343,0.0141472438031816,FALSE,FALSE,FALSE,2,0.153115743335719,"HF",0.123914,"ShortSleep",1,2,1,TRUE,NA
"rs8045541","A","C","A","C",0.251707684278962,0.0300754867111032,0.0761298,0.0796401248908685,FALSE,FALSE,FALSE,2,0.0643166628009904,"HF",0.0560818,"ShortSleep",1,2,1,TRUE,NA
"rs824446","A","G","A","G",0.14660801963609,-0.0546250885257546,0.522133,0.528278015359801,FALSE,FALSE,FALSE,2,0.0349857156333081,"HF",0.0323741,"ShortSleep",1,2,1,TRUE,NA
