"SNP","effect_allele.exposure","other_allele.exposure","effect_allele.outcome","other_allele.outcome","beta.exposure","beta.outcome","eaf.exposure","eaf.outcome","remove","palindromic","ambiguous","id.outcome","se.outcome","outcome","se.exposure","exposure","id.exposure","action","SNP_index","mr_keep","samplesize.outcome"
"rs11058004","A","G","A","G",-0.117742411481556,-0.014742385317615,0.352441,0.372824800236756,FALSE,FALSE,FALSE,2,0.0360804841093587,"HF",0.0265624,"Sleepiness",1,2,1,TRUE,NA
"rs117134599","T","G","T","G",0.347814808606414,0.0067628381775451,0.0261767,0.0248368624317486,FALSE,FALSE,FALSE,2,0.111086544039215,"HF",0.074731,"Sleepiness",1,2,1,TRUE,NA
"rs13013628","C","T","C","T",0.166708640388778,-0.0708283531192343,0.12503,0.131147297196818,FALSE,FALSE,FALSE,2,0.0530255217677265,"HF",0.0373754,"Sleepiness",1,2,1,TRUE,NA
"rs13401678","T","A","T","A",0.148195842064579,0.0250145663705318,0.179245,0.182591710197256,FALSE,TRUE,FALSE,2,0.044444167608542,"HF",0.0326571,"Sleepiness",1,2,1,TRUE,NA
"rs62139969","A","G","A","G",0.455600398934992,0.0844029985430879,0.0163186,0.0183357258076451,FALSE,FALSE,FALSE,2,0.124586726476003,"HF",0.100938,"Sleepiness",1,2,1,TRUE,NA
"rs62460510","C","T","C","T",0.212341417780123,0.0573137978005597,0.0731719,0.071059527158063,FALSE,FALSE,FALSE,2,0.06599830947802,"HF",0.0469628,"Sleepiness",1,2,1,TRUE,NA
"rs72727875","A","T","A","T",0.176487907434603,-0.0522929987109241,0.118078,0.118295642907885,FALSE,TRUE,FALSE,2,0.0549600655814123,"HF",0.039475,"Sleepiness",1,2,1,TRUE,NA
"rs7434941","A","G","A","G",0.147151960109606,-0.0439537455407465,0.243496,0.242049809846545,FALSE,FALSE,FALSE,2,0.0409806551415737,"HF",0.0316807,"Sleepiness",1,2,1,TRUE,NA
"rs76636859","T","C","T","C",-0.237342632839088,0.022978967088171,0.0713587,0.0768422610239716,FALSE,FALSE,FALSE,2,0.0648192614586932,"HF",0.0493712,"Sleepiness",1,2,1,TRUE,NA
"rs9919172","G","A","G","A",-0.193782584174719,-0.0536775623038643,0.104919,0.116768283659396,FALSE,FALSE,FALSE,2,0.0552054461659089,"HF",0.042119,"Sleepiness",1,2,1,TRUE,NA
