"SNP","exposure","outcome","effect_allele.exposure","other_allele.exposure","effect_allele.outcome","other_allele.outcome","eaf.exposure","eaf.outcome","beta.exposure","se.exposure","beta.outcome","se.outcome","raw_Fstat","APM_Fstat"
"rs111920836","LongSleep","AF","C","T","C","T",0.101968,0.10912138187199,0.414695708069987,0.0862925,-0.068037327506923,0.0431480270107759,23.0947347602728,22.3165575629804
"rs117450402","LongSleep","AF","A","G","A","G",0.0356666,0.0372224769624447,0.62594377844578,0.133747,0.054258916683442,0.0692095956058414,21.9029471607553,21.1596790938568
"rs138971980","LongSleep","AF","G","C","G","C",0.0132665,0.015375854214123,0.946346497987337,0.191077,-0.00305665720823342,0.110506747837542,24.529208264229,23.848469868104
"rs140045289","LongSleep","AF","T","C","T","C",0.0127844,0.0119364572239972,0.844227437172832,0.187724,0.0445325815786797,0.119418222458144,20.2245713605129,19.5325389515793
"rs140097546","LongSleep","AF","A","C","A","C",0.0280081,0.0326522013903518,0.663754414533626,0.147504,-0.0512153500950848,0.0810382370119723,20.2491710872511,19.5182716030041
"rs1777334","LongSleep","AF","C","T","C","T",0.507286,0.524372022840912,-0.281714580072029,0.06213,-0.000394255936523002,0.0268160384951842,20.5596606237358,19.7365244983523
"rs2086730","LongSleep","AF","T","C","T","C",0.015704,0.0153534397325721,0.80725681085002,0.167274,-0.0575125607343744,0.113193545131334,23.2898424802291,22.5916739689527
"rs2819372","LongSleep","AF","C","A","C","A",0.43117,0.425865664798024,0.268850873166589,0.0587626,0.0599421531158879,0.0271231938966717,20.9324901772712,20.118208633838
"rs283864","LongSleep","AF","C","G","C","G",0.384172,0.395751667825392,-0.0877563817094692,0.061866,0.0112881221769137,0.0275352619390454,2.01211751973564,19.8971716743087
"rs3016887","LongSleep","AF","C","T","C","T",0.0271299,0.0275431563688002,0.678667859295111,0.15021,0.167708773336063,0.0760954377477661,20.413471746049,19.6776272209376
"rs76013678","LongSleep","AF","A","C","A","C",0.0457128,0.0410762358370559,0.158660495305087,0.129498,0.075930053653802,0.0652093133071157,1.50110644370769,20.549112521826
