"SNP","exposure","outcome","effect_allele.exposure","other_allele.exposure","effect_allele.outcome","other_allele.outcome","eaf.exposure","eaf.outcome","beta.exposure","se.exposure","beta.outcome","se.outcome","raw_Fstat","APM_Fstat"
"rs10137824","LongSleep","AF","G","T","G","T",0.442588,0.448463163340087,0.0828050427567097,0.0170206,0.0271469655429811,0.0230158601821412,23.6681242488285,24.1765543624807
"rs11717975","LongSleep","AF","C","T","C","T",0.0852603,0.0843640908503211,0.122217632724249,0.0276323,-0.0780904556468673,0.0423510280004633,19.5629193397596,20.6595326244012
"rs12422102","LongSleep","AF","A","G","A","G",0.304967,0.305620205154728,-0.081795910302183,0.0179692,0.00282817911949739,0.0249301164722262,20.7207606946871,21.5586641563938
"rs147114449","LongSleep","AF","T","C","T","C",0.0122203,0.0188872368392699,0.323227771775664,0.0657739,-0.0451256082370476,0.085001923254356,24.149611541801,24.5008055854685
"rs283855","LongSleep","AF","C","G","C","G",0.39247,0.404140521527672,-0.0808847287404638,0.0177282,-0.0116267209242261,0.0235558111586832,20.8163116660116,21.9941960825747
"rs34463696","LongSleep","AF","T","C","T","C",0.107246,0.109870930207503,0.120614578607803,0.0266537,-0.0290481018009065,0.0370933397242429,20.4778613087691,20.520004891866
"rs36073432","LongSleep","AF","T","A","T","A",0.0319321,0.031676255737281,0.234676787127883,0.0452573,0.0959176234016434,0.0626997377897822,26.8882777659208,27.2046137401327
"rs6737318","LongSleep","AF","G","A","G","A",0.217275,0.230697955049885,0.0857555888176235,0.0194045,-0.0160223229617254,0.02730836303529,19.5307964207238,20.2918473675468
"rs72719172","LongSleep","AF","C","T","C","T",0.0315827,0.0380007326480919,0.21203406890438,0.045471,-0.0403011611407639,0.0612043373881634,21.7441424374911,22.3792580843857
"rs7577635","LongSleep","AF","C","T","C","T",0.409136,0.408899903027691,-0.0774319519972453,0.0173561,0.0200010693712397,0.0233202466657356,19.9038058978604,20.3688855245585
"rs76402879","LongSleep","AF","C","T","C","T",0.0138474,0.0162468486715939,0.310333579011518,0.0666471,-0.00718490185608019,0.0912846613293256,21.6817846488432,21.996377814536
"rs77471963","LongSleep","AF","G","A","G","A",0.109047,0.107843137254902,-0.127146107729749,0.0268718,0.00447388567709382,0.0370790465010163,22.3878620747734,22.5254176312564
"rs7806285","LongSleep","AF","C","A","C","A",0.242707,0.274490171707407,0.0884961075648239,0.0198437,0.00260213640012459,0.0268140011026319,19.8885459306796,20.0048221204105
