"SNP","exposure","outcome","effect_allele.exposure","other_allele.exposure","effect_allele.outcome","other_allele.outcome","eaf.exposure","eaf.outcome","beta.exposure","se.exposure","beta.outcome","se.outcome","raw_Fstat","APM_Fstat"
"rs11004745","Sleepiness","T2DM","C","T","C","T",0.246937,0.259214577535674,0.132343186987713,0.0295542,-0.0110307314378962,0.032577640072454,20.0523262358084,19.2833916876739
"rs117134599","Sleepiness","T2DM","T","G","T","G",0.0262883,0.0248360789189349,0.355756522318681,0.0759337,0.168986209492704,0.0859385571108629,21.9501057951147,21.1748147407978
"rs11903853","Sleepiness","T2DM","C","T","C","T",0.133125,0.141726277750626,0.167503983443531,0.0373451,-0.0394658420836865,0.0412623561175619,20.1179176305829,19.3324758581404
"rs12065179","Sleepiness","T2DM","C","G","C","G",0.0974634,0.108381930671087,-0.19791815384964,0.0441659,-0.0352712520183532,0.0464852355928937,20.0815436214371,19.2837094868569
"rs12292717","Sleepiness","T2DM","C","T","C","T",0.0755928,0.0799653579676674,-0.218570274703504,0.0488918,0.00179036545030984,0.0524986477787485,19.9852756687329,19.1874381473098
"rs13401678","Sleepiness","T2DM","T","A","T","A",0.178788,0.182566349413106,0.15251505721129,0.0331991,-0.026999304736886,0.0369250999363234,21.1043909288997,20.322826049442
"rs1456040","Sleepiness","T2DM","T","C","T","C",0.105871,0.10639116663213,0.180720275426981,0.0408954,-0.00706515515207031,0.0461087541709906,19.5283180114215,18.7902576773146
"rs200171962","Sleepiness","T2DM","C","G","C","G",0.130993,0.17148890030246,0.178347002038543,0.039867,-0.05611158234403,0.0444385285868295,20.0126460540344,19.259915975152
"rs6048097","Sleepiness","T2DM","A","T","A","T",0.248879,0.259100531450312,-0.140954302954584,0.030392,0.01009041087465,0.0324528078864986,21.5098863329859,20.7160725329585
"rs62460510","Sleepiness","T2DM","C","T","C","T",0.0726653,0.0710562556455554,0.216449194021483,0.0479116,0.048604343937715,0.0547908725797938,20.4094169173889,19.6219303458172
"rs7434941","Sleepiness","T2DM","A","G","A","G",0.243582,0.242084696339496,0.153210237750202,0.0321778,-0.0316858804273549,0.0334667081094472,22.6705928317368,21.8745453167086
"rs76636859","Sleepiness","T2DM","T","C","T","C",0.0714405,0.0768405316598088,-0.232167898522594,0.0500009,0.0435382175484645,0.0527427448087807,21.5599970748788,20.7774055067905
