"SNP","effect_allele.exposure","other_allele.exposure","effect_allele.outcome","other_allele.outcome","beta.exposure","beta.outcome","eaf.exposure","eaf.outcome","remove","palindromic","ambiguous","id.outcome","se.outcome","outcome","se.exposure","exposure","id.exposure","action","SNP_index","mr_keep","samplesize.outcome"
"rs11004745","C","T","C","T",0.132343186987713,-0.0110307314378962,0.246937,0.259214577535674,FALSE,FALSE,FALSE,2,0.032577640072454,"T2DM",0.0295542,"Sleepiness",1,2,1,TRUE,NA
"rs117134599","T","G","T","G",0.355756522318681,0.168986209492704,0.0262883,0.0248360789189349,FALSE,FALSE,FALSE,2,0.0859385571108629,"T2DM",0.0759337,"Sleepiness",1,2,1,TRUE,NA
"rs11903853","C","T","C","T",0.167503983443531,-0.0394658420836865,0.133125,0.141726277750626,FALSE,FALSE,FALSE,2,0.0412623561175619,"T2DM",0.0373451,"Sleepiness",1,2,1,TRUE,NA
"rs12065179","C","G","C","G",-0.19791815384964,-0.0352712520183532,0.0974634,0.108381930671087,FALSE,TRUE,FALSE,2,0.0464852355928937,"T2DM",0.0441659,"Sleepiness",1,2,1,TRUE,NA
"rs12292717","C","T","C","T",-0.218570274703504,0.00179036545030984,0.0755928,0.0799653579676674,FALSE,FALSE,FALSE,2,0.0524986477787485,"T2DM",0.0488918,"Sleepiness",1,2,1,TRUE,NA
"rs13401678","T","A","T","A",0.15251505721129,-0.026999304736886,0.178788,0.182566349413106,FALSE,TRUE,FALSE,2,0.0369250999363234,"T2DM",0.0331991,"Sleepiness",1,2,1,TRUE,NA
"rs1456040","T","C","T","C",0.180720275426981,-0.00706515515207031,0.105871,0.10639116663213,FALSE,FALSE,FALSE,2,0.0461087541709906,"T2DM",0.0408954,"Sleepiness",1,2,1,TRUE,NA
"rs200171962","C","G","C","G",0.178347002038543,-0.05611158234403,0.130993,0.17148890030246,FALSE,TRUE,FALSE,2,0.0444385285868295,"T2DM",0.039867,"Sleepiness",1,2,1,TRUE,NA
"rs6048097","A","T","A","T",-0.140954302954584,0.01009041087465,0.248879,0.259100531450312,FALSE,TRUE,FALSE,2,0.0324528078864986,"T2DM",0.030392,"Sleepiness",1,2,1,TRUE,NA
"rs62460510","C","T","C","T",0.216449194021483,0.048604343937715,0.0726653,0.0710562556455554,FALSE,FALSE,FALSE,2,0.0547908725797938,"T2DM",0.0479116,"Sleepiness",1,2,1,TRUE,NA
"rs7434941","A","G","A","G",0.153210237750202,-0.0316858804273549,0.243582,0.242084696339496,FALSE,FALSE,FALSE,2,0.0334667081094472,"T2DM",0.0321778,"Sleepiness",1,2,1,TRUE,NA
"rs76636859","T","C","T","C",-0.232167898522594,0.0435382175484645,0.0714405,0.0768405316598088,FALSE,FALSE,FALSE,2,0.0527427448087807,"T2DM",0.0500009,"Sleepiness",1,2,1,TRUE,NA
