"SNP","exposure","outcome","effect_allele.exposure","other_allele.exposure","effect_allele.outcome","other_allele.outcome","eaf.exposure","eaf.outcome","beta.exposure","se.exposure","beta.outcome","se.outcome","raw_Fstat","APM_Fstat"
"rs111483542","ShortSleep","HTN","A","G","A","G",0.018655,0.0197848636189013,0.500229684552587,0.1055,-0.00708601951129469,0.0432643360057954,22.4819511967459,21.7333692543929
"rs12742385","ShortSleep","HTN","G","A","G","A",0.16342,0.173739896265867,-0.0617903009564515,0.0445611,-0.0120818084225353,0.0159920804056369,1.9227765421546,21.8877963244299
"rs16822697","ShortSleep","HTN","A","C","A","C",0.120164,0.127665390924002,-0.275974869960196,0.0563548,0.00491704718012628,0.0179937744554739,23.9815499804302,23.2144952339625
"rs17668087","ShortSleep","HTN","G","C","G","C",0.119842,0.115256741780569,0.0676399567103398,0.0476392,-0.0124503603579541,0.0189201596940992,2.01594055786591,22.8923027112747
"rs182626019","ShortSleep","HTN","T","A","T","A",0.0237495,0.0271871629308944,0.458980598255444,0.100025,0.0451899905826987,0.0366579410127715,21.0557897466323,20.319631779895
"rs448086","ShortSleep","HTN","G","A","G","A",0.353619,0.351695603989656,-0.0502275467089371,0.0331232,0.0302987431434753,0.0126331815208853,2.29942558115668,20.5031498336301
"rs55654912","ShortSleep","HTN","C","T","C","T",0.0201158,0.0168925918252582,0.507793030098564,0.107884,-0.0442646884621212,0.047075162854045,22.1543692716013,21.4399835903975
"rs61766953","ShortSleep","HTN","C","G","C","G",0.0475824,0.0578608266465694,-0.117096896103973,0.0827505,0.00941126576224375,0.0257713251397176,2.00239389981308,20.3405477908009
"rs62436669","ShortSleep","HTN","A","G","A","G",0.179945,0.190827287637229,-0.0686536433170481,0.0415572,-0.058473230749205,0.0154506775053644,2.72919534527087,21.0595182180996
"rs78213764","ShortSleep","HTN","T","G","T","G",0.0316139,0.032203965838234,0.406104903395504,0.0815399,-0.00616288754933645,0.0339805088627797,24.8048221537138,24.0611305093796
"rs78440839","ShortSleep","HTN","G","T","G","T",0.0151506,0.0141267566089873,0.583181633558071,0.122924,0.0399096633530277,0.0510503773890084,22.5078653423538,21.7835226692962
"rs824446","ShortSleep","HTN","A","G","A","G",0.521318,0.528318335623624,0.153098698117051,0.0321989,0.00494813442409122,0.0120946987513667,22.6079365032236,21.814250178608
