"SNP","exposure","outcome","effect_allele.exposure","other_allele.exposure","effect_allele.outcome","other_allele.outcome","eaf.exposure","eaf.outcome","beta.exposure","se.exposure","beta.outcome","se.outcome","raw_Fstat","APM_Fstat"
"rs111483542","ShortSleep","HTN","A","G","A","G",0.018655,0.0197848636189013,0.500229684552587,0.1055,-0.00708601951129469,0.0432643360057954,22.4819511967459,21.7333692543929
"rs16822697","ShortSleep","HTN","A","C","A","C",0.120164,0.127665390924002,-0.275974869960196,0.0563548,0.00491704718012628,0.0179937744554739,23.9815499804302,23.2144952339625
"rs182626019","ShortSleep","HTN","T","A","T","A",0.0237495,0.0271871629308944,0.458980598255444,0.100025,0.0451899905826987,0.0366579410127715,21.0557897466323,20.319631779895
"rs55654912","ShortSleep","HTN","C","T","C","T",0.0201158,0.0168925918252582,0.507793030098564,0.107884,-0.0442646884621212,0.047075162854045,22.1543692716013,21.4399835903974
"rs7241626","ShortSleep","HTN","C","T","C","T",0.0338432,0.0350967932614157,0.354866309344795,0.0796217,-0.00110042115085871,0.0328670511985208,19.8639973098172,19.1094266850842
"rs72776898","ShortSleep","HTN","A","G","A","G",0.0896331,0.0875173616241615,-0.267926505086432,0.0601937,-0.0384585806961211,0.0214482850148894,19.8120437889605,19.0448892815322
"rs78213764","ShortSleep","HTN","T","G","T","G",0.0316139,0.032203965838234,0.406104903395504,0.0815399,-0.00616288754933645,0.0339805088627797,24.8048221537138,24.0611305093796
"rs78440839","ShortSleep","HTN","G","T","G","T",0.0151506,0.0141267566089873,0.583181633558071,0.122924,0.0399096633530277,0.0510503773890084,22.5078653423538,21.7835226692963
"rs824446","ShortSleep","HTN","A","G","A","G",0.521318,0.528318335623624,0.153098698117051,0.0321989,0.00494813442409122,0.0120946987513667,22.6079365032236,21.814250178608
