"SNP","exposure","outcome","effect_allele.exposure","other_allele.exposure","effect_allele.outcome","other_allele.outcome","eaf.exposure","eaf.outcome","beta.exposure","se.exposure","beta.outcome","se.outcome","raw_Fstat","APM_Fstat"
"rs10085952","OSA","HTN","C","T","C","T",0.234357,0.22167469487869,-0.138658801059341,0.030806,-0.017848150736378,0.0149734249879902,20.2592917731068,19.431576522267
"rs1025462","OSA","HTN","A","G","A","G",0.0849035,0.0848577085611277,-0.212426187973014,0.047335,0.00418603790593939,0.0222499557540944,20.1396235499794,19.2903884495234
"rs1175989","OSA","HTN","A","C","A","C",0.432251,0.431338782870911,0.116698002776607,0.0258891,0.0291516951363363,0.0123916699309483,20.3185607008597,19.485970294428
"rs11805515","OSA","HTN","C","T","C","T",0.0476041,0.0487817491393194,0.272961758295071,0.0551203,-0.015453060205166,0.0287573081986586,24.5233879649319,23.6922412928632
"rs147156372","OSA","HTN","A","G","A","G",0.0138489,0.015116588350031,0.495994179638098,0.104122,0.0898529009966201,0.0506161656993028,22.6917587297713,21.881403555999
"rs148993979","OSA","HTN","A","G","A","G",0.0209991,0.0223645713272453,0.370024441568145,0.0834875,-0.0602648997102148,0.0423695752910165,19.6434565605218,18.8306325162078
"rs1532248","OSA","HTN","T","G","T","G",0.416316,0.416078077900585,-0.115757713007623,0.0257872,-0.0110655211050035,0.0125961902260957,20.1507631682465,19.3420358345437
"rs2191940","OSA","HTN","G","A","G","A",0.091956,0.0961737408370773,-0.204646923523069,0.0462234,-0.0325851338807309,0.0211590345234651,19.6013808085473,18.7535390607771
"rs2636751","OSA","HTN","C","T","C","T",0.400794,0.406943582468895,-0.114489839185317,0.0258072,0.000731972781114,0.0126096296118063,19.6812245175655,18.8685453269857
"rs6127533","OSA","HTN","T","C","T","C",0.0829823,0.0776688226916687,-0.226791446801817,0.0505844,0.0179942335992084,0.0213603976238064,20.1011144847261,19.2473384529325
"rs79733973","OSA","HTN","A","G","A","G",0.0599419,0.0556983908861208,0.23572013351865,0.050864,0.0309583148769608,0.0269675718523475,21.476936629587,20.6470823925803
"rs9301102","OSA","HTN","T","C","T","C",0.30268,0.386695617844453,0.135893600413542,0.0294808,-0.028700524965099,0.0176018749472687,21.2480696509827,20.4168600425923
