"SNP","effect_allele.exposure","other_allele.exposure","effect_allele.outcome","other_allele.outcome","beta.exposure","beta.outcome","eaf.exposure","eaf.outcome","remove","palindromic","ambiguous","id.outcome","se.outcome","outcome","se.exposure","exposure","id.exposure","action","SNP_index","mr_keep","samplesize.outcome"
"rs10085952","C","T","C","T",-0.138658801059341,-0.017848150736378,0.234357,0.22167469487869,FALSE,FALSE,FALSE,2,0.0149734249879902,"HTN",0.030806,"OSA",1,2,1,TRUE,NA
"rs1025462","A","G","A","G",-0.212426187973014,0.00418603790593939,0.0849035,0.0848577085611277,FALSE,FALSE,FALSE,2,0.0222499557540944,"HTN",0.047335,"OSA",1,2,1,TRUE,NA
"rs1175989","A","C","A","C",0.116698002776607,0.0291516951363363,0.432251,0.431338782870911,FALSE,FALSE,FALSE,2,0.0123916699309483,"HTN",0.0258891,"OSA",1,2,1,TRUE,NA
"rs11805515","C","T","C","T",0.272961758295071,-0.015453060205166,0.0476041,0.0487817491393194,FALSE,FALSE,FALSE,2,0.0287573081986586,"HTN",0.0551203,"OSA",1,2,1,TRUE,NA
"rs147156372","A","G","A","G",0.495994179638098,0.0898529009966201,0.0138489,0.015116588350031,FALSE,FALSE,FALSE,2,0.0506161656993028,"HTN",0.104122,"OSA",1,2,1,TRUE,NA
"rs148993979","A","G","A","G",0.370024441568145,-0.0602648997102148,0.0209991,0.0223645713272453,FALSE,FALSE,FALSE,2,0.0423695752910165,"HTN",0.0834875,"OSA",1,2,1,TRUE,NA
"rs1532248","T","G","T","G",-0.115757713007623,-0.0110655211050035,0.416316,0.416078077900585,FALSE,FALSE,FALSE,2,0.0125961902260957,"HTN",0.0257872,"OSA",1,2,1,TRUE,NA
"rs2191940","G","A","G","A",-0.204646923523069,-0.0325851338807309,0.091956,0.0961737408370773,FALSE,FALSE,FALSE,2,0.0211590345234651,"HTN",0.0462234,"OSA",1,2,1,TRUE,NA
"rs2636751","C","T","C","T",-0.114489839185317,0.000731972781114,0.400794,0.406943582468895,FALSE,FALSE,FALSE,2,0.0126096296118063,"HTN",0.0258072,"OSA",1,2,1,TRUE,NA
"rs6127533","T","C","T","C",-0.226791446801817,0.0179942335992084,0.0829823,0.0776688226916687,FALSE,FALSE,FALSE,2,0.0213603976238064,"HTN",0.0505844,"OSA",1,2,1,TRUE,NA
"rs79733973","A","G","A","G",0.23572013351865,0.0309583148769608,0.0599419,0.0556983908861208,FALSE,FALSE,FALSE,2,0.0269675718523475,"HTN",0.050864,"OSA",1,2,1,TRUE,NA
"rs9301102","T","C","T","C",0.135893600413542,-0.028700524965099,0.30268,0.386695617844453,FALSE,FALSE,FALSE,2,0.0176018749472687,"HTN",0.0294808,"OSA",1,2,1,TRUE,NA
