"SNP","exposure","outcome","effect_allele.exposure","other_allele.exposure","effect_allele.outcome","other_allele.outcome","eaf.exposure","eaf.outcome","beta.exposure","se.exposure","beta.outcome","se.outcome","raw_Fstat","APM_Fstat"
"rs11646817","Insomnia","HF","A","G","A","G",0.177294,0.180872319327482,0.0479135896139988,0.030472,0.0533186611348352,0.0448543043436242,2.47238157385615,19.6265966814365
"rs117286058","Insomnia","HF","G","A","G","A",0.0157571,0.0155997927921261,-0.523041602595644,0.114223,-0.108492770905452,0.148289846222134,20.9684024203965,20.1484872352185
"rs11789898","Insomnia","HF","T","G","T","G",0.177465,0.182627551397996,0.0463109028632504,0.0306361,-0.0506850123872994,0.0460070632703607,2.28507015985045,22.4382134599388
"rs12553270","Insomnia","HF","C","T","C","T",0.0585398,0.0580221699299975,0.232245998062745,0.0466223,-0.0273950224556107,0.0761442719901491,24.8147034339497,24.0926781731843
"rs1475549","Insomnia","HF","T","G","T","G",0.058666,0.0612356640769515,-0.25483934780231,0.0563339,-0.0482992038081746,0.0741045831121882,20.4641322063392,19.674410849583
"rs150081707","Insomnia","HF","A","G","A","G",0.0356968,0.0336712044983723,0.27443724570168,0.0589772,0.0905491931960546,0.093386341444648,21.6529864311779,20.919180550319
"rs28573814","Insomnia","HF","A","G","A","G",0.391508,0.397296457426973,0.118485011435946,0.0249314,-0.0157937214312554,0.0358883393065932,22.5856969409558,21.8718133535941
"rs4921425","Insomnia","HF","A","G","A","G",0.0578649,0.0632232383320015,0.218155129802784,0.0484463,0.0198718631110507,0.0717945878466077,20.2772768597401,19.5514789192026
"rs76585741","Insomnia","HF","T","A","T","A",0.0424392,0.0385014418015654,0.0909917780057293,0.0606006,0.0967004668225279,0.0882397004789488,2.25450111549826,20.3513406438292
"rs78182614","Insomnia","HF","T","C","T","C",0.363058,0.545509419576198,0.136242713669427,0.0264562,0.170204223164952,0.0834176311413392,26.5198852442961,25.7629977075639
