"SNP","effect_allele.exposure","other_allele.exposure","effect_allele.outcome","other_allele.outcome","beta.exposure","beta.outcome","eaf.exposure","eaf.outcome","remove","palindromic","ambiguous","id.outcome","se.outcome","outcome","se.exposure","exposure","id.exposure","action","SNP_index","mr_keep","samplesize.outcome"
"rs11646817","A","G","A","G",0.0479135896139988,0.0533186611348352,0.177294,0.180872319327482,FALSE,FALSE,FALSE,2,0.0448543043436242,"HF",0.030472,"Insomnia",1,2,1,TRUE,NA
"rs117286058","G","A","G","A",-0.523041602595644,-0.108492770905452,0.0157571,0.0155997927921261,FALSE,FALSE,FALSE,2,0.148289846222134,"HF",0.114223,"Insomnia",1,2,1,TRUE,NA
"rs11789898","T","G","T","G",0.0463109028632504,-0.0506850123872994,0.177465,0.182627551397996,FALSE,FALSE,FALSE,2,0.0460070632703607,"HF",0.0306361,"Insomnia",1,2,1,TRUE,NA
"rs12553270","C","T","C","T",0.232245998062745,-0.0273950224556107,0.0585398,0.0580221699299975,FALSE,FALSE,FALSE,2,0.0761442719901491,"HF",0.0466223,"Insomnia",1,2,1,TRUE,NA
"rs1475549","T","G","T","G",-0.25483934780231,-0.0482992038081746,0.058666,0.0612356640769515,FALSE,FALSE,FALSE,2,0.0741045831121882,"HF",0.0563339,"Insomnia",1,2,1,TRUE,NA
"rs150081707","A","G","A","G",0.27443724570168,0.0905491931960546,0.0356968,0.0336712044983723,FALSE,FALSE,FALSE,2,0.093386341444648,"HF",0.0589772,"Insomnia",1,2,1,TRUE,NA
"rs28573814","A","G","A","G",0.118485011435946,-0.0157937214312554,0.391508,0.397296457426973,FALSE,FALSE,FALSE,2,0.0358883393065932,"HF",0.0249314,"Insomnia",1,2,1,TRUE,NA
"rs4921425","A","G","A","G",0.218155129802784,0.0198718631110507,0.0578649,0.0632232383320015,FALSE,FALSE,FALSE,2,0.0717945878466077,"HF",0.0484463,"Insomnia",1,2,1,TRUE,NA
"rs76585741","T","A","T","A",0.0909917780057293,0.0967004668225279,0.0424392,0.0385014418015654,FALSE,TRUE,FALSE,2,0.0882397004789488,"HF",0.0606006,"Insomnia",1,2,1,TRUE,NA
"rs78182614","T","C","T","C",0.136242713669427,0.170204223164952,0.363058,0.545509419576198,FALSE,FALSE,FALSE,2,0.0834176311413392,"HF",0.0264562,"Insomnia",1,2,1,TRUE,NA
