"SNP","exposure","outcome","effect_allele.exposure","other_allele.exposure","effect_allele.outcome","other_allele.outcome","eaf.exposure","eaf.outcome","beta.exposure","se.exposure","beta.outcome","se.outcome","raw_Fstat","APM_Fstat"
"rs112324736","Insomnia","AF","G","A","G","A",0.184698,0.185674094913748,0.0439977464776452,0.031276,0.0418362122734206,0.0340990759456052,1.97896656554059,19.6985643591238
"rs117127404","Insomnia","AF","T","C","T","C",0.0155672,0.0156635950834948,-0.523563068348089,0.115427,0.115764389667264,0.102128806533518,20.5742111144933,19.7542734632832
"rs11789898","Insomnia","AF","T","G","T","G",0.177533,0.182618473420231,0.0466450078230438,0.0305657,-0.0340005609259809,0.0349578033776473,2.32885070398782,22.3209385940534
"rs11951138","Insomnia","AF","G","A","G","A",0.050806,0.0554898161432988,-0.0798953018716389,0.0559484,0.132991109939238,0.0557304353986072,2.03923436697387,19.9978751087375
"rs12553270","Insomnia","AF","C","T","C","T",0.0582212,0.0580425166797343,0.242569637139312,0.0465059,0.0565330033743509,0.056370192399866,27.2055036443631,26.4789871513323
"rs150081707","Insomnia","AF","A","G","A","G",0.035717,0.0336942373683588,0.26842279751297,0.0588301,0.0751727765134795,0.072654888956651,20.8180296793604,20.0851061765299
"rs28573814","Insomnia","AF","A","G","A","G",0.39154,0.397331597787179,0.116982715485614,0.0248692,0.0187001959404117,0.0274031266365828,22.1268589107214,21.4200309144577
"rs76725568","Insomnia","AF","C","G","C","G",0.0712185,0.0770431181125656,0.213925192504131,0.0469983,0.0569183356866737,0.0490288327045424,20.7185598704935,19.988768821258
"rs78182614","Insomnia","AF","T","C","T","C",0.36344,0.545427119720546,0.132229295263576,0.026397,0.0394369028168796,0.0652246636166923,25.0926322500813,24.3362488041416
