"SNP","exposure","outcome","effect_allele.exposure","other_allele.exposure","effect_allele.outcome","other_allele.outcome","eaf.exposure","eaf.outcome","beta.exposure","se.exposure","beta.outcome","se.outcome","raw_Fstat","APM_Fstat"
"rs117127404","Insomnia","AF","T","C","T","C",0.0155672,0.0156635950834948,-0.523563068348089,0.115427,0.115764389667264,0.102128806533518,20.5742111144933,19.7542734632832
"rs12553270","Insomnia","AF","C","T","C","T",0.0582212,0.0580425166797343,0.242569637139312,0.0465059,0.0565330033743509,0.056370192399866,27.2055036443631,26.4789871513324
"rs1475549","Insomnia","AF","T","G","T","G",0.0586521,0.0612768664112539,-0.249663363467434,0.0561647,-0.115375063997306,0.0581703704662445,19.7598092177154,18.9724665039321
"rs150081707","Insomnia","AF","A","G","A","G",0.035717,0.0336942373683588,0.26842279751297,0.0588301,0.0751727765134795,0.072654888956651,20.8180296793604,20.0851061765298
"rs28573814","Insomnia","AF","A","G","A","G",0.39154,0.397331597787179,0.116982715485614,0.0248692,0.0187001959404117,0.0274031266365828,22.1268589107214,21.4200309144578
"rs56256111","Insomnia","AF","A","G","A","G",0.139098,0.143106483056488,0.153553358609311,0.0344867,-0.0124357921548712,0.0385500547018088,19.8250988671022,19.0873934220722
"rs5771648","Insomnia","AF","T","C","T","C",0.386769,0.397983936574615,-0.110874579090541,0.0250637,0.0125466517233217,0.0274216202594323,19.5692238475302,18.8322836378642
"rs60365505","Insomnia","AF","G","T","G","T",0.0572297,0.0617493047748654,0.213949414474266,0.0483258,-0.000538593555528093,0.0554219366857828,19.6003623471427,18.9289091232928
"rs73313142","Insomnia","AF","A","G","A","G",0.0565757,0.0639385243476717,0.218661522010342,0.0492748,-0.0627446482819701,0.0561450203807851,19.6922342370371,18.9674543171139
"rs76725568","Insomnia","AF","C","G","C","G",0.0712185,0.0770431181125656,0.213925192504131,0.0469983,0.0569183356866737,0.0490288327045424,20.7185598704935,19.9887688212579
"rs78182614","Insomnia","AF","T","C","T","C",0.36344,0.545427119720546,0.132229295263576,0.026397,0.0394369028168796,0.0652246636166923,25.0926322500813,24.3362488041416
"rs9784526","Insomnia","AF","G","A","G","A",0.206092,0.208437495377424,0.124895460071316,0.0282546,0.0231515542346429,0.0327813294921046,19.5395688921775,18.785782270575
