"SNP","effect_allele.exposure","other_allele.exposure","effect_allele.outcome","other_allele.outcome","beta.exposure","beta.outcome","eaf.exposure","eaf.outcome","remove","palindromic","ambiguous","id.outcome","se.outcome","outcome","se.exposure","exposure","id.exposure","action","SNP_index","mr_keep","samplesize.outcome"
"rs10085952","C","T","C","T",-0.138658801059341,-0.0444164860627739,0.234357,0.221600993965211,FALSE,FALSE,FALSE,2,0.0327121734467658,"AF",0.030806,"OSA",1,2,1,TRUE,NA
"rs1025462","A","G","A","G",-0.212426187973014,0.0259830745435211,0.0849035,0.0848642172523962,FALSE,FALSE,FALSE,2,0.0474630113353593,"AF",0.047335,"OSA",1,2,1,TRUE,NA
"rs1175989","A","C","A","C",0.116698002776607,0.0315830516377347,0.432251,0.431230671342537,FALSE,FALSE,FALSE,2,0.0267248745739421,"AF",0.0258891,"OSA",1,2,1,TRUE,NA
"rs11805515","C","T","C","T",0.272961758295071,-0.0577509890667054,0.0476041,0.0488026742001804,FALSE,FALSE,FALSE,2,0.0634459702698464,"AF",0.0551203,"OSA",1,2,1,TRUE,NA
"rs147156372","A","G","A","G",0.495994179638098,0.150406168594562,0.0138489,0.0151248446837465,FALSE,FALSE,FALSE,2,0.103665544808035,"AF",0.104122,"OSA",1,2,1,TRUE,NA
"rs148993979","A","G","A","G",0.370024441568145,-0.150806534267989,0.0209991,0.0223655405005621,FALSE,FALSE,FALSE,2,0.0961348748882951,"AF",0.0834875,"OSA",1,2,1,TRUE,NA
"rs1532248","T","G","T","G",-0.115757713007623,0.00618918663941421,0.416316,0.416094725320238,FALSE,FALSE,FALSE,2,0.0271518682712949,"AF",0.0257872,"OSA",1,2,1,TRUE,NA
"rs2191940","G","A","G","A",-0.204646923523069,-0.00848731640889853,0.091956,0.0961401899576886,FALSE,FALSE,FALSE,2,0.0455749275034907,"AF",0.0462234,"OSA",1,2,1,TRUE,NA
"rs2636751","C","T","C","T",-0.114489839185317,0.00566257525497199,0.400794,0.406817643926395,FALSE,FALSE,FALSE,2,0.027201388906337,"AF",0.0258072,"OSA",1,2,1,TRUE,NA
"rs6127533","T","C","T","C",-0.226791446801817,0.00948077346799111,0.0829823,0.0776433026433026,FALSE,FALSE,FALSE,2,0.0458904253591465,"AF",0.0505844,"OSA",1,2,1,TRUE,NA
"rs79733973","A","G","A","G",0.23572013351865,0.0877424154430994,0.0599419,0.0556525211886343,FALSE,FALSE,FALSE,2,0.0564688131882809,"AF",0.050864,"OSA",1,2,1,TRUE,NA
"rs9301102","T","C","T","C",0.135893600413542,0.0226219741125605,0.30268,0.38673315769665,FALSE,FALSE,FALSE,2,0.0380984822232653,"AF",0.0294808,"OSA",1,2,1,TRUE,NA
