"SNP","effect_allele.exposure","other_allele.exposure","effect_allele.outcome","other_allele.outcome","beta.exposure","beta.outcome","eaf.exposure","eaf.outcome","remove","palindromic","ambiguous","id.outcome","se.outcome","outcome","se.exposure","exposure","id.exposure","action","SNP_index","mr_keep","samplesize.outcome"
"rs111920836","C","T","C","T",0.4001577154502,0.0328897119383232,0.10177,0.1091720840435,FALSE,FALSE,FALSE,2,0.0188652831674903,"HTN",0.085974,"LongSleep",1,2,1,TRUE,NA
"rs116045290","G","A","G","A",0.8462716196966,0.0466171953971049,0.0135481,0.0123913172058911,FALSE,FALSE,FALSE,2,0.0539038141782137,"HTN",0.179944,"LongSleep",1,2,1,TRUE,NA
"rs138250961","G","C","G","C",0.727862567648398,0.0926984723853375,0.0226649,0.0229096174588868,FALSE,TRUE,FALSE,2,0.0398283701147674,"HTN",0.158689,"LongSleep",1,2,1,TRUE,NA
"rs138971980","G","C","G","C",0.931466987723653,-0.00405537166311194,0.0131425,0.0153895029257048,FALSE,TRUE,FALSE,2,0.049042468708588,"HTN",0.190514,"LongSleep",1,2,1,TRUE,NA
"rs145916213","G","C","G","C",0.675090128859826,0.00783933103175521,0.0266729,0.0284964905799778,FALSE,TRUE,FALSE,2,0.0362471605541854,"HTN",0.149385,"LongSleep",1,2,1,TRUE,NA
"rs1777334","C","T","C","T",-0.281124950772763,-0.00949378299345962,0.507294,0.524368977951173,FALSE,FALSE,FALSE,2,0.0120579084724691,"HTN",0.0615623,"LongSleep",1,2,1,TRUE,NA
"rs283864","C","G","C","G",-0.0862956331953415,-0.0108283612008905,0.384161,0.395800393066659,FALSE,TRUE,FALSE,2,0.0123837099180139,"HTN",0.0614722,"LongSleep",1,2,1,TRUE,NA
"rs304128","A","G","A","G",0.331229948379266,-0.00810445745793661,0.142702,0.134133727373476,FALSE,FALSE,FALSE,2,0.0176764967240424,"HTN",0.0730405,"LongSleep",1,2,1,TRUE,NA
"rs4938609","A","C","A","C",0.223767356707162,0.0743828810786363,0.021913,0.0198215103651059,FALSE,FALSE,FALSE,2,0.0426558983842454,"HTN",0.185979,"LongSleep",1,2,1,TRUE,NA
"rs61891046","A","G","A","G",0.343674807151713,-0.000699051452439522,0.157704,0.165137343558373,FALSE,FALSE,FALSE,2,0.0162354132854486,"HTN",0.0730281,"LongSleep",1,2,1,TRUE,NA
"rs74790696","T","A","T","A",0.490871865050033,0.00334438108902482,0.0620361,0.0645411556080981,FALSE,TRUE,FALSE,2,0.0244510609394893,"HTN",0.106186,"LongSleep",1,2,1,TRUE,NA
