"SNP","effect_allele.exposure","other_allele.exposure","effect_allele.outcome","other_allele.outcome","beta.exposure","beta.outcome","eaf.exposure","eaf.outcome","remove","palindromic","ambiguous","id.outcome","se.outcome","outcome","se.exposure","exposure","id.exposure","action","SNP_index","mr_keep","samplesize.outcome"
"rs11646817","A","G","A","G",0.0479135896139988,0.0234465443824842,0.177294,0.180861300685428,FALSE,FALSE,FALSE,2,0.0371024550541519,"T2DM",0.030472,"Insomnia",1,2,1,TRUE,NA
"rs117286058","G","A","G","A",-0.523041602595644,-0.0631876631915551,0.0157571,0.015603949842332,FALSE,FALSE,FALSE,2,0.120614603376209,"T2DM",0.114223,"Insomnia",1,2,1,TRUE,NA
"rs11789898","T","G","T","G",0.0463109028632504,0.0067746147344888,0.177465,0.182550375316465,FALSE,FALSE,FALSE,2,0.0369302905326739,"T2DM",0.0306361,"Insomnia",1,2,1,TRUE,NA
"rs12553270","C","T","C","T",0.232245998062745,0.0733444661100071,0.0585398,0.0580154253823037,FALSE,FALSE,FALSE,2,0.0599793915762266,"T2DM",0.0466223,"Insomnia",1,2,1,TRUE,NA
"rs1475549","T","G","T","G",-0.25483934780231,-0.104785154344018,0.058666,0.0612593809671833,FALSE,FALSE,FALSE,2,0.0619193905099788,"T2DM",0.0563339,"Insomnia",1,2,1,TRUE,NA
"rs150081707","A","G","A","G",0.27443724570168,0.0689993939880938,0.0356968,0.0336949764660608,FALSE,FALSE,FALSE,2,0.0769105611223583,"T2DM",0.0589772,"Insomnia",1,2,1,TRUE,NA
"rs28573814","A","G","A","G",0.118485011435946,0.000499598500207531,0.391508,0.397350503256365,FALSE,FALSE,FALSE,2,0.0292582609888689,"T2DM",0.0249314,"Insomnia",1,2,1,TRUE,NA
"rs4921425","A","G","A","G",0.218155129802784,-0.0306472314938928,0.0578649,0.0632474837181764,FALSE,FALSE,FALSE,2,0.059760076335218,"T2DM",0.0484463,"Insomnia",1,2,1,TRUE,NA
"rs76585741","T","A","T","A",0.0909917780057293,-0.0801483028876314,0.0424392,0.0384715164278411,FALSE,TRUE,FALSE,2,0.0777991455330197,"T2DM",0.0606006,"Insomnia",1,2,1,TRUE,NA
"rs78182614","T","C","T","C",0.136242713669427,-0.00760602386048558,0.363058,0.545311506675143,FALSE,FALSE,FALSE,2,0.0700303545438222,"T2DM",0.0264562,"Insomnia",1,2,1,TRUE,NA
