"SNP","exposure","outcome","effect_allele.exposure","other_allele.exposure","effect_allele.outcome","other_allele.outcome","eaf.exposure","eaf.outcome","beta.exposure","se.exposure","beta.outcome","se.outcome","raw_Fstat","APM_Fstat"
"rs10882840","Insomnia","HF","C","T","C","T",0.0597249,0.0638614300935243,-0.250162805938257,0.0565622,-0.0406186055861493,0.0724793977007043,19.5610828629311,18.7734437814164
"rs117127404","Insomnia","HF","T","C","T","C",0.0155239,0.0156626862579719,-0.520182597357068,0.11554,-0.0925496976556494,0.146697132377702,20.2696808763223,19.4505640444158
"rs12553270","Insomnia","HF","C","T","C","T",0.0585398,0.0580221699299975,0.232245998062745,0.0466223,-0.0273950224556107,0.0761442719901491,24.8147034339497,24.0926781731843
"rs138609400","Insomnia","HF","T","C","T","C",0.137371,0.142746159992897,0.152171579843071,0.0342458,-0.0184196210244393,0.0501498103776842,19.7447876298486,19.0371227745135
"rs150081707","Insomnia","HF","A","G","A","G",0.0356968,0.0336712044983723,0.27443724570168,0.0589772,0.0905491931960546,0.093386341444648,21.6529864311779,20.919180550319
"rs28573814","Insomnia","HF","A","G","A","G",0.391508,0.397296457426973,0.118485011435946,0.0249314,-0.0157937214312554,0.0358883393065932,22.5856969409558,21.871813353594
"rs35281978","Insomnia","HF","A","G","A","G",0.314383,0.3228221784874,0.112337122442418,0.0252171,-0.0392787538656466,0.0376444082287871,19.8452378683112,19.1001371671435
"rs56256111","Insomnia","HF","A","G","A","G",0.139186,0.143121383861851,0.154890406162258,0.0345551,-0.00511185285106895,0.0499991694204496,20.0920721464262,19.3527327785094
"rs5771648","Insomnia","HF","T","C","T","C",0.387078,0.397941668269729,-0.112408628688929,0.0251074,-0.0138336143863241,0.0358960969576015,20.0445271743819,19.3043598773032
"rs72938338","Insomnia","HF","G","A","G","A",0.0810999,0.0764165322520976,0.182379888425965,0.0406417,-0.0504664472478294,0.0667543968142643,20.1377135948809,19.4067352222198
"rs73313142","Insomnia","HF","A","G","A","G",0.0566173,0.0638836273233101,0.220852929842829,0.0493582,0.0278357950877939,0.0713038259537625,20.0210893204414,19.2991361650736
"rs76725568","Insomnia","HF","C","G","C","G",0.0713887,0.0770602423901623,0.210131257433222,0.0471334,0.0122226591924261,0.0650785973866016,19.8757616790434,19.1464093008339
"rs78182614","Insomnia","HF","T","C","T","C",0.363058,0.545509419576198,0.136242713669427,0.0264562,0.170204223164952,0.0834176311413392,26.5198852442961,25.762997707564
