"SNP","exposure","outcome","effect_allele.exposure","other_allele.exposure","effect_allele.outcome","other_allele.outcome","eaf.exposure","eaf.outcome","beta.exposure","se.exposure","beta.outcome","se.outcome","raw_Fstat","APM_Fstat"
"rs111920836","LongSleep","AF","C","T","C","T",0.10177,0.10912138187199,0.4001577154502,0.085974,-0.0665324439107391,0.0431309879663076,21.6634750744115,20.8867398960025
"rs116045290","LongSleep","AF","G","A","G","A",0.0135481,0.0124263595725155,0.8462716196966,0.179944,0.0487801468342589,0.116927811098048,22.1179469985653,21.4207742770905
"rs138250961","LongSleep","AF","G","C","G","C",0.0226649,0.0229259418124806,0.727862567648398,0.158689,-0.106137960550538,0.0934162769107219,21.0380325901376,20.3413597478197
"rs138971980","LongSleep","AF","G","C","G","C",0.0131425,0.015375854214123,0.931466987723653,0.190514,0.00021862104628137,0.110410224179391,23.9045814646123,23.2212848298488
"rs145916213","LongSleep","AF","G","C","G","C",0.0266729,0.0285112047925449,0.675090128859826,0.149385,-0.0597403519066823,0.0828313678982222,20.4225295320627,19.6893258880849
"rs1777334","LongSleep","AF","C","T","C","T",0.507294,0.524372022840912,-0.281124950772763,0.0615623,-0.000571671027889371,0.0267790024211362,20.8530272583157,20.028623368638
"rs283864","LongSleep","AF","C","G","C","G",0.384161,0.395751667825392,-0.0862956331953415,0.0614722,0.00937805530638857,0.0274968560591468,1.97069823282116,20.1364296653885
"rs304128","LongSleep","AF","A","G","A","G",0.142702,0.134117299016345,0.331229948379266,0.0730405,0.0610433907786408,0.0385654687929584,20.5651422940462,19.7801222612412
"rs4938609","LongSleep","AF","A","C","A","C",0.021913,0.0198642192607493,0.223767356707162,0.185979,0.137039746608311,0.0901035583310377,1.4476569078812,19.7373268681399
"rs61891046","LongSleep","AF","A","G","A","G",0.157704,0.165138225331696,0.343674807151713,0.0730281,0.01381874740171,0.0358017594875052,22.147024807521,21.3450688296026
"rs74790696","LongSleep","AF","T","A","T","A",0.0620361,0.0645784023668639,0.490871865050033,0.106186,-0.0132311661937085,0.0545142202505766,21.3698640181487,20.6056595364928
