"SNP","effect_allele.exposure","other_allele.exposure","effect_allele.outcome","other_allele.outcome","beta.exposure","beta.outcome","eaf.exposure","eaf.outcome","remove","palindromic","ambiguous","id.outcome","se.outcome","outcome","se.exposure","exposure","id.exposure","action","SNP_index","mr_keep","samplesize.outcome"
"rs111920836","C","T","C","T",0.4001577154502,-0.0665324439107391,0.10177,0.10912138187199,FALSE,FALSE,FALSE,2,0.0431309879663076,"AF",0.085974,"LongSleep",1,2,1,TRUE,NA
"rs116045290","G","A","G","A",0.8462716196966,0.0487801468342589,0.0135481,0.0124263595725155,FALSE,FALSE,FALSE,2,0.116927811098048,"AF",0.179944,"LongSleep",1,2,1,TRUE,NA
"rs138250961","G","C","G","C",0.727862567648398,-0.106137960550538,0.0226649,0.0229259418124806,FALSE,TRUE,FALSE,2,0.0934162769107219,"AF",0.158689,"LongSleep",1,2,1,TRUE,NA
"rs138971980","G","C","G","C",0.931466987723653,0.00021862104628137,0.0131425,0.015375854214123,FALSE,TRUE,FALSE,2,0.110410224179391,"AF",0.190514,"LongSleep",1,2,1,TRUE,NA
"rs145916213","G","C","G","C",0.675090128859826,-0.0597403519066823,0.0266729,0.0285112047925449,FALSE,TRUE,FALSE,2,0.0828313678982222,"AF",0.149385,"LongSleep",1,2,1,TRUE,NA
"rs1777334","C","T","C","T",-0.281124950772763,-0.000571671027889371,0.507294,0.524372022840912,FALSE,FALSE,FALSE,2,0.0267790024211362,"AF",0.0615623,"LongSleep",1,2,1,TRUE,NA
"rs283864","C","G","C","G",-0.0862956331953415,0.00937805530638857,0.384161,0.395751667825392,FALSE,TRUE,FALSE,2,0.0274968560591468,"AF",0.0614722,"LongSleep",1,2,1,TRUE,NA
"rs304128","A","G","A","G",0.331229948379266,0.0610433907786408,0.142702,0.134117299016345,FALSE,FALSE,FALSE,2,0.0385654687929584,"AF",0.0730405,"LongSleep",1,2,1,TRUE,NA
"rs4938609","A","C","A","C",0.223767356707162,0.137039746608311,0.021913,0.0198642192607493,FALSE,FALSE,FALSE,2,0.0901035583310377,"AF",0.185979,"LongSleep",1,2,1,TRUE,NA
"rs61891046","A","G","A","G",0.343674807151713,0.01381874740171,0.157704,0.165138225331696,FALSE,FALSE,FALSE,2,0.0358017594875052,"AF",0.0730281,"LongSleep",1,2,1,TRUE,NA
"rs74790696","T","A","T","A",0.490871865050033,-0.0132311661937085,0.0620361,0.0645784023668639,FALSE,TRUE,FALSE,2,0.0545142202505766,"AF",0.106186,"LongSleep",1,2,1,TRUE,NA
