"SNP","effect_allele.exposure","other_allele.exposure","effect_allele.outcome","other_allele.outcome","beta.exposure","beta.outcome","eaf.exposure","eaf.outcome","remove","palindromic","ambiguous","id.outcome","se.outcome","outcome","se.exposure","exposure","id.exposure","action","SNP_index","mr_keep","samplesize.outcome"
"rs10085952","C","T","C","T",-0.138658801059341,-0.0216705260888506,0.234357,0.221640863207128,FALSE,FALSE,FALSE,2,0.034436994230319,"T2DM",0.030806,"OSA",1,2,1,TRUE,NA
"rs1025462","A","G","A","G",-0.212426187973014,0.0335647257744725,0.0849035,0.0848405908646872,FALSE,FALSE,FALSE,2,0.0508026241526532,"T2DM",0.047335,"OSA",1,2,1,TRUE,NA
"rs1175989","A","C","A","C",0.116698002776607,-0.00354044091514413,0.432251,0.431228252017473,FALSE,FALSE,FALSE,2,0.0284462385624992,"T2DM",0.0258891,"OSA",1,2,1,TRUE,NA
"rs11805515","C","T","C","T",0.272961758295071,-0.06572059257849,0.0476041,0.0488285008066545,FALSE,FALSE,FALSE,2,0.0671570797786313,"T2DM",0.0551203,"OSA",1,2,1,TRUE,NA
"rs147156372","A","G","A","G",0.495994179638098,0.0142153250771071,0.0138489,0.0151055389443145,FALSE,FALSE,FALSE,2,0.117687180401674,"T2DM",0.104122,"OSA",1,2,1,TRUE,NA
"rs148993979","A","G","A","G",0.370024441568145,0.0713698294403831,0.0209991,0.0223733680689186,FALSE,FALSE,FALSE,2,0.0929854976355976,"T2DM",0.0834875,"OSA",1,2,1,TRUE,NA
"rs1532248","T","G","T","G",-0.115757713007623,-0.00820040962563172,0.416316,0.416052397868561,FALSE,FALSE,FALSE,2,0.0288905174023141,"T2DM",0.0257872,"OSA",1,2,1,TRUE,NA
"rs2191940","G","A","G","A",-0.204646923523069,-0.0233804862981748,0.091956,0.0961020311482205,FALSE,FALSE,FALSE,2,0.0488921426102639,"T2DM",0.0462234,"OSA",1,2,1,TRUE,NA
"rs2636751","C","T","C","T",-0.114489839185317,-0.0197035792323874,0.400794,0.40684300897007,FALSE,FALSE,FALSE,2,0.029033963203429,"T2DM",0.0258072,"OSA",1,2,1,TRUE,NA
"rs6127533","T","C","T","C",-0.226791446801817,0.0147645217084465,0.0829823,0.0776569186875892,FALSE,FALSE,FALSE,2,0.0484542675813657,"T2DM",0.0505844,"OSA",1,2,1,TRUE,NA
"rs79733973","A","G","A","G",0.23572013351865,0.0554514027096556,0.0599419,0.0556238066340048,FALSE,FALSE,FALSE,2,0.0606548732870583,"T2DM",0.050864,"OSA",1,2,1,TRUE,NA
"rs9301102","T","C","T","C",0.135893600413542,-0.0176754233417554,0.30268,0.386662397830427,FALSE,FALSE,FALSE,2,0.0400597267541637,"T2DM",0.0294808,"OSA",1,2,1,TRUE,NA
