"SNP","beta_outcome","se_outcome","beta_exp1","beta_exp2","se_exp1","se_exp2","exp1","exp2","outcome","cond_F_stat_exp1","cond_F_stat_exp2"
"rs111483542",0.178548095110543,0.0888799329203698,-0.0082,0.500229684552587,0.0107,0.1055,"BMI","ShortSleep","AF",1.77558353385685,5.72831411506369
"rs16822697",0.0257702094555914,0.0397222369266882,-0.0014,-0.275974869960196,0.0037,0.0563548,"BMI","ShortSleep","AF",1.77558353385685,5.72831411506369
"rs55654912",-0.141818099835795,0.108931363225681,-0.015,0.507793030098564,0.0103,0.107884,"BMI","ShortSleep","AF",1.77558353385685,5.72831411506369
"rs7241626",-0.0141059703915169,0.0732880823669638,0.0099,0.354866309344795,0.0058,0.0796217,"BMI","ShortSleep","AF",1.77558353385685,5.72831411506369
"rs72776898",0.025981577621895,0.0468723672066156,-0.005,-0.267926505086432,0.0046,0.0601937,"BMI","ShortSleep","AF",1.77558353385685,5.72831411506369
"rs78213764",-0.119742992222244,0.0787522076791718,0,0.406104903395504,0.0069,0.0815399,"BMI","ShortSleep","AF",1.77558353385685,5.72831411506369
"rs78440839",0.0565226422404431,0.111469185700741,-0.0201,0.583181633558071,0.0118,0.122924,"BMI","ShortSleep","AF",1.77558353385685,5.72831411506369
"rs824446",0.0222748385028952,0.0268744904458918,-0.0012,0.153098698117051,0.0023,0.0321989,"BMI","ShortSleep","AF",1.77558353385685,5.72831411506369
