"SNP","effect_allele.exposure","other_allele.exposure","effect_allele.outcome","other_allele.outcome","beta.exposure","beta.outcome","eaf.exposure","eaf.outcome","remove","palindromic","ambiguous","id.outcome","se.outcome","outcome","se.exposure","exposure","id.exposure","action","SNP_index","mr_keep","samplesize.outcome"
"rs11646817","A","G","A","G",0.0479135896139988,0.0461757132554107,0.177294,0.1808394295426,FALSE,FALSE,FALSE,2,0.0161062165172428,"HTN",0.030472,"Insomnia",1,2,1,TRUE,NA
"rs117286058","G","A","G","A",-0.523041602595644,0.00498922334267876,0.0157571,0.0155993674534088,FALSE,FALSE,FALSE,2,0.0502934462496286,"HTN",0.114223,"Insomnia",1,2,1,TRUE,NA
"rs11789898","T","G","T","G",0.0463109028632504,-0.0027887091269979,0.177465,0.182584726348305,FALSE,FALSE,FALSE,2,0.0160923323257198,"HTN",0.0306361,"Insomnia",1,2,1,TRUE,NA
"rs12553270","C","T","C","T",0.232245998062745,0.0378404275573677,0.0585398,0.0579750838665819,FALSE,FALSE,FALSE,2,0.0265418263875481,"HTN",0.0466223,"Insomnia",1,2,1,TRUE,NA
"rs1475549","T","G","T","G",-0.25483934780231,-0.0068888450846075,0.058666,0.0612652017791438,FALSE,FALSE,FALSE,2,0.0258815585867932,"HTN",0.0563339,"Insomnia",1,2,1,TRUE,NA
"rs150081707","A","G","A","G",0.27443724570168,-0.0157780723149503,0.0356968,0.033703714648778,FALSE,FALSE,FALSE,2,0.0345654895142608,"HTN",0.0589772,"Insomnia",1,2,1,TRUE,NA
"rs28573814","A","G","A","G",0.118485011435946,-0.0286316927537176,0.391508,0.397275252674508,FALSE,FALSE,FALSE,2,0.0127462102928362,"HTN",0.0249314,"Insomnia",1,2,1,TRUE,NA
"rs4921425","A","G","A","G",0.218155129802784,-0.00353141521172758,0.0578649,0.0632498965659909,FALSE,FALSE,FALSE,2,0.0255360507583793,"HTN",0.0484463,"Insomnia",1,2,1,TRUE,NA
"rs76585741","T","A","T","A",0.0909917780057293,-0.0253594196165526,0.0424392,0.0384662258919594,FALSE,TRUE,FALSE,2,0.0330098463804665,"HTN",0.0606006,"Insomnia",1,2,1,TRUE,NA
"rs78182614","T","C","T","C",0.136242713669427,0.0520012275994645,0.363058,0.545466078848045,FALSE,FALSE,FALSE,2,0.0304595700754823,"HTN",0.0264562,"Insomnia",1,2,1,TRUE,NA
