"SNP","beta_outcome","se_outcome","beta_exp1","beta_exp2","se_exp1","se_exp2","exp1","exp2","outcome","cond_F_stat_exp1","cond_F_stat_exp2"
"rs112324736",0.00540731834988489,0.045720155197269,-0.0173,0.0456617293510696,0.0033,0.010288097411991,"BMI","Insomnia","CAD",7.58274247931579,6.51605415118213
"rs117127404",0.0608626973076987,0.142026564024571,0.0051,-0.502099815459352,0.01,0.112969064143432,"BMI","Insomnia","CAD",7.58274247931579,6.51605415118213
"rs11789898",0.0181099356393955,0.0456929622063705,-0.0092,0.046667971924256,0.0031,0.00987785624720514,"BMI","Insomnia","CAD",7.58274247931579,6.51605415118213
"rs11951138",0.11960526021897,0.0734373172307334,6e-04,-0.0815611273095966,0.0053,0.0182385913999007,"BMI","Insomnia","CAD",7.58274247931579,6.51605415118213
"rs12553270",-0.0253215740695649,0.0770477681997862,5e-04,0.234849200676037,0.0048,0.0456392398054819,"BMI","Insomnia","CAD",7.58274247931579,6.51605415118213
"rs150081707",0.126232193072786,0.0955468617954393,-0.0094,0.258614411194193,0.0069,0.0577052937524772,"BMI","Insomnia","CAD",7.58274247931579,6.51605415118213
"rs28573814",-0.111195024038201,0.0370422446660677,-0.015,0.112082773512661,0.0025,0.0242174729030352,"BMI","Insomnia","CAD",7.58274247931579,6.51605415118213
"rs76725568",0.0879374391172645,0.0645892698815053,2e-04,0.205418419781492,0.0049,0.0459458575112825,"BMI","Insomnia","CAD",7.58274247931579,6.51605415118213
