"SNP","beta_outcome","se_outcome","beta_exp1","beta_exp2","se_exp1","se_exp2","exp1","exp2","outcome","cond_F_stat_exp1","cond_F_stat_exp2"
"rs11058004",0.00284299590752787,0.0277460558044329,0.0031,-0.117742411481556,0.0027,0.0265624,"BMI","Sleepiness","AF",1.619482980012,20.9034548248153
"rs117134599",0.110895195507355,0.0822301532545167,-1e-04,0.347814808606414,0.0079,0.074731,"BMI","Sleepiness","AF",1.619482980012,20.9034548248153
"rs13013628",-0.022305279827226,0.0401104070926514,0.0026,0.166708640388778,0.0038,0.0373754,"BMI","Sleepiness","AF",1.619482980012,20.9034548248153
"rs13401678",-0.0295179442801112,0.0347305951263407,0.0049,0.148195842064579,0.003,0.0326571,"BMI","Sleepiness","AF",1.619482980012,20.9034548248153
"rs62139969",0.0551315579102952,0.0975940181091326,-0.008,0.455600398934992,0.0099,0.100938,"BMI","Sleepiness","AF",1.619482980012,20.9034548248153
"rs62460510",0.0250716676647403,0.0514956488724174,0.013,0.212341417780123,0.005,0.0469628,"BMI","Sleepiness","AF",1.619482980012,20.9034548248153
"rs72727875",0.0548486277124861,0.0407347949943336,0.0012,0.176487907434603,0.0042,0.039475,"BMI","Sleepiness","AF",1.619482980012,20.9034548248153
"rs76636859",-0.00372411079097398,0.050359200675287,0.005,-0.237342632839088,0.0052,0.0493712,"BMI","Sleepiness","AF",1.619482980012,20.9034548248153
"rs9919172",-0.020326034691351,0.0419579997592256,-0.0045,-0.193782584174719,0.0036,0.042119,"BMI","Sleepiness","AF",1.619482980012,20.9034548248153
