"SNP","effect_allele.exposure","other_allele.exposure","effect_allele.outcome","other_allele.outcome","beta.exposure","beta.outcome","eaf.exposure","eaf.outcome","remove","palindromic","ambiguous","id.outcome","se.outcome","outcome","se.exposure","exposure","id.exposure","action","SNP_index","mr_keep","samplesize.outcome"
"rs11058004","A","G","A","G",-0.117742411481556,0.0154902813257162,0.352441,0.372868583586985,FALSE,FALSE,FALSE,2,0.0124867108607078,"HTN",0.0265624,"Sleepiness",1,2,1,TRUE,NA
"rs117134599","T","G","T","G",0.347814808606414,0.0109288541181844,0.0261767,0.0249191034146486,FALSE,FALSE,FALSE,2,0.0386615804695123,"HTN",0.074731,"Sleepiness",1,2,1,TRUE,NA
"rs13013628","C","T","C","T",0.166708640388778,-0.0194370222278234,0.12503,0.131104940379846,FALSE,FALSE,FALSE,2,0.0179738279539458,"HTN",0.0373754,"Sleepiness",1,2,1,TRUE,NA
"rs13401678","T","A","T","A",0.148195842064579,0.019820012620202,0.179245,0.182578500184706,FALSE,TRUE,FALSE,2,0.0155126924817061,"HTN",0.0326571,"Sleepiness",1,2,1,TRUE,NA
"rs62139969","A","G","A","G",0.455600398934992,-0.0145247213007256,0.0163186,0.0183313383871969,FALSE,FALSE,FALSE,2,0.0450427311157842,"HTN",0.100938,"Sleepiness",1,2,1,TRUE,NA
"rs62460510","C","T","C","T",0.212341417780123,0.00340107471266702,0.0731719,0.0710600617913581,FALSE,FALSE,FALSE,2,0.0234455863638775,"HTN",0.0469628,"Sleepiness",1,2,1,TRUE,NA
"rs72727875","A","T","A","T",0.176487907434603,0.0352194766480279,0.118078,0.118368161262673,FALSE,TRUE,FALSE,2,0.0185890491940171,"HTN",0.039475,"Sleepiness",1,2,1,TRUE,NA
"rs7434941","A","G","A","G",0.147151960109606,-0.00141853981705487,0.243496,0.242031769486516,FALSE,FALSE,FALSE,2,0.014079944959964,"HTN",0.0316807,"Sleepiness",1,2,1,TRUE,NA
"rs76636859","T","C","T","C",-0.237342632839088,0.015115053638145,0.0713587,0.0768344218209758,FALSE,FALSE,FALSE,2,0.0225776982373854,"HTN",0.0493712,"Sleepiness",1,2,1,TRUE,NA
"rs9919172","G","A","G","A",-0.193782584174719,-0.00423456086134029,0.104919,0.116791287386216,FALSE,FALSE,FALSE,2,0.0187856712103402,"HTN",0.042119,"Sleepiness",1,2,1,TRUE,NA
