"SNP","beta_outcome","se_outcome","beta_exp1","beta_exp2","se_exp1","se_exp2","exp1","exp2","outcome","cond_F_stat_exp1","cond_F_stat_exp2"
"rs11058004",0.0119498857235811,0.0289681337921027,0.0031,-0.117742411481556,0.0027,0.0265624,"BMI","Sleepiness","T2DM",1.619482980012,20.9034548248153
"rs117134599",0.156084827616058,0.0842538397903671,-1e-04,0.347814808606414,0.0079,0.074731,"BMI","Sleepiness","T2DM",1.619482980012,20.9034548248153
"rs13013628",-0.0380015662554062,0.0422005203612879,0.0026,0.166708640388778,0.0038,0.0373754,"BMI","Sleepiness","T2DM",1.619482980012,20.9034548248153
"rs13401678",-0.0228348349892652,0.0363267015229389,0.0049,0.148195842064579,0.003,0.0326571,"BMI","Sleepiness","T2DM",1.619482980012,20.9034548248153
"rs62139969",-0.0136714665059085,0.105168295778592,-0.008,0.455600398934992,0.0099,0.100938,"BMI","Sleepiness","T2DM",1.619482980012,20.9034548248153
"rs62460510",0.0403004977166013,0.053714607364953,0.013,0.212341417780123,0.005,0.0469628,"BMI","Sleepiness","T2DM",1.619482980012,20.9034548248153
"rs72727875",-0.0708930138057079,0.04440042847019,0.0012,0.176487907434603,0.0042,0.039475,"BMI","Sleepiness","T2DM",1.619482980012,20.9034548248153
"rs76636859",0.0425057461833906,0.0517389389928336,0.005,-0.237342632839088,0.0052,0.0493712,"BMI","Sleepiness","T2DM",1.619482980012,20.9034548248153
"rs9919172",-0.0475422046217151,0.044283918553811,-0.0045,-0.193782584174719,0.0036,0.042119,"BMI","Sleepiness","T2DM",1.619482980012,20.9034548248153
