"SNP","exposure","outcome","effect_allele.exposure","other_allele.exposure","effect_allele.outcome","other_allele.outcome","eaf.exposure","eaf.outcome","beta.exposure","se.exposure","beta.outcome","se.outcome","raw_Fstat","APM_Fstat"
"rs111920836","LongSleep","CAD","C","T","C","T",0.10177,0.109131268592483,0.4001577154502,0.085974,0.0704008047616504,0.0548622077340382,21.6634750744115,20.8867398960025
"rs116045290","LongSleep","CAD","G","A","G","A",0.0135481,0.0124274632875414,0.8462716196966,0.179944,0.209560189815168,0.14560061362518,22.1179469985653,21.4207742770905
"rs138250961","LongSleep","CAD","G","C","G","C",0.0226649,0.0229279765690872,0.727862567648398,0.158689,0.138652741431125,0.112178047966267,21.0380325901376,20.3413597478197
"rs138971980","LongSleep","CAD","G","C","G","C",0.0131425,0.0153476331360947,0.931466987723653,0.190514,-0.292282378503886,0.171842929778608,23.9045814646123,23.2212848298488
"rs145916213","LongSleep","CAD","G","C","G","C",0.0266729,0.0285063388511664,0.675090128859826,0.149385,0.0515782326995354,0.10661749388697,20.4225295320627,19.6893258880849
"rs1777334","LongSleep","CAD","C","T","C","T",0.507294,0.5243371996686,-0.281124950772763,0.0615623,-0.00872878848458305,0.0357304957383545,20.8530272583157,20.028623368638
"rs283864","LongSleep","CAD","C","G","C","G",0.384161,0.395742414604198,-0.0862956331953415,0.0614722,-0.038741374869097,0.0368423584098036,1.97069823282116,20.1364296653885
"rs304128","LongSleep","CAD","A","G","A","G",0.142702,0.134173582449445,0.331229948379266,0.0730405,-0.0425819416773229,0.0536438507953488,20.5651422940462,19.7801222612412
"rs4938609","LongSleep","CAD","A","C","A","C",0.021913,0.0198733784003668,0.223767356707162,0.185979,0.0493976686638436,0.126566607114678,1.4476569078812,19.7373268681399
"rs61891046","LongSleep","CAD","A","G","A","G",0.157704,0.165056729930031,0.343674807151713,0.0730281,0.0370928462125678,0.0473374310724812,22.147024807521,21.3450688296026
"rs74790696","LongSleep","CAD","T","A","T","A",0.0620361,0.0645545462615025,0.490871865050033,0.106186,0.114661641334522,0.0700532020483671,21.3698640181487,20.6056595364928
