"SNP","exposure","outcome","effect_allele.exposure","other_allele.exposure","effect_allele.outcome","other_allele.outcome","eaf.exposure","eaf.outcome","beta.exposure","se.exposure","beta.outcome","se.outcome","raw_Fstat","APM_Fstat"
"rs11646817","Insomnia","AF","A","G","A","G",0.177294,0.180871366225313,0.0479135896139988,0.030472,0.0464536598814437,0.0344578257417226,2.47238157385615,19.6265966814365
"rs117286058","Insomnia","AF","G","A","G","A",0.0157571,0.0156007278860237,-0.523041602595644,0.114223,0.127099239847076,0.102489033372639,20.9684024203965,20.1484872352185
"rs11789898","Insomnia","AF","T","G","T","G",0.177465,0.182618473420231,0.0463109028632504,0.0306361,-0.0303690483055506,0.0349898194585695,2.28507015985045,22.4382134599388
"rs12553270","Insomnia","AF","C","T","C","T",0.0585398,0.0580425166797343,0.232245998062745,0.0466223,0.0590738940062115,0.0564466523099866,24.8147034339497,24.0926781731843
"rs1475549","Insomnia","AF","T","G","T","G",0.058666,0.0612768664112539,-0.25483934780231,0.0563339,-0.114176552059366,0.0582117714076495,20.4641322063392,19.674410849583
"rs150081707","Insomnia","AF","A","G","A","G",0.0356968,0.0336942373683588,0.27443724570168,0.0589772,0.0759790333174025,0.0727630688182534,21.6529864311779,20.919180550319
"rs28573814","Insomnia","AF","A","G","A","G",0.391508,0.397331597787179,0.118485011435946,0.0249314,0.0222994577792398,0.027433283759147,22.5856969409558,21.8718133535941
"rs4921425","Insomnia","AF","A","G","A","G",0.0578649,0.063271011448688,0.218155129802784,0.0484463,-0.0404276892180804,0.0560720645285653,20.2772768597401,19.5514789192026
"rs76585741","Insomnia","AF","T","A","T","A",0.0424392,0.03847033704438,0.0909917780057293,0.0606006,-0.0681000158986238,0.073020365110565,2.25450111549826,20.3513406438292
"rs78182614","Insomnia","AF","T","C","T","C",0.363058,0.545427119720546,0.136242713669427,0.0264562,0.042704572174249,0.0654768482994186,26.5198852442961,25.7629977075639
