"SNP","effect_allele.exposure","other_allele.exposure","effect_allele.outcome","other_allele.outcome","beta.exposure","beta.outcome","eaf.exposure","eaf.outcome","remove","palindromic","ambiguous","id.outcome","se.outcome","outcome","se.exposure","exposure","id.exposure","action","SNP_index","mr_keep","samplesize.outcome"
"rs11646817","A","G","A","G",0.0479135896139988,0.0464536598814437,0.177294,0.180871366225313,FALSE,FALSE,FALSE,2,0.0344578257417226,"AF",0.030472,"Insomnia",1,2,1,TRUE,NA
"rs117286058","G","A","G","A",-0.523041602595644,0.127099239847076,0.0157571,0.0156007278860237,FALSE,FALSE,FALSE,2,0.102489033372639,"AF",0.114223,"Insomnia",1,2,1,TRUE,NA
"rs11789898","T","G","T","G",0.0463109028632504,-0.0303690483055506,0.177465,0.182618473420231,FALSE,FALSE,FALSE,2,0.0349898194585695,"AF",0.0306361,"Insomnia",1,2,1,TRUE,NA
"rs12553270","C","T","C","T",0.232245998062745,0.0590738940062115,0.0585398,0.0580425166797343,FALSE,FALSE,FALSE,2,0.0564466523099866,"AF",0.0466223,"Insomnia",1,2,1,TRUE,NA
"rs1475549","T","G","T","G",-0.25483934780231,-0.114176552059366,0.058666,0.0612768664112539,FALSE,FALSE,FALSE,2,0.0582117714076495,"AF",0.0563339,"Insomnia",1,2,1,TRUE,NA
"rs150081707","A","G","A","G",0.27443724570168,0.0759790333174025,0.0356968,0.0336942373683588,FALSE,FALSE,FALSE,2,0.0727630688182534,"AF",0.0589772,"Insomnia",1,2,1,TRUE,NA
"rs28573814","A","G","A","G",0.118485011435946,0.0222994577792398,0.391508,0.397331597787179,FALSE,FALSE,FALSE,2,0.027433283759147,"AF",0.0249314,"Insomnia",1,2,1,TRUE,NA
"rs4921425","A","G","A","G",0.218155129802784,-0.0404276892180804,0.0578649,0.063271011448688,FALSE,FALSE,FALSE,2,0.0560720645285653,"AF",0.0484463,"Insomnia",1,2,1,TRUE,NA
"rs76585741","T","A","T","A",0.0909917780057293,-0.0681000158986238,0.0424392,0.03847033704438,FALSE,TRUE,FALSE,2,0.073020365110565,"AF",0.0606006,"Insomnia",1,2,1,TRUE,NA
"rs78182614","T","C","T","C",0.136242713669427,0.042704572174249,0.363058,0.545427119720546,FALSE,FALSE,FALSE,2,0.0654768482994186,"AF",0.0264562,"Insomnia",1,2,1,TRUE,NA
