"SNP","exposure","outcome","effect_allele.exposure","other_allele.exposure","effect_allele.outcome","other_allele.outcome","eaf.exposure","eaf.outcome","beta.exposure","se.exposure","beta.outcome","se.outcome","raw_Fstat","APM_Fstat"
"rs10882840","Insomnia","AF","C","T","C","T",0.0597249,0.0639015442873203,-0.250162805938257,0.0565622,-0.109666984760343,0.0569492515287062,19.5610828629311,18.7734437814164
"rs117127404","Insomnia","AF","T","C","T","C",0.0155239,0.0156635950834948,-0.520182597357068,0.11554,0.12283482658347,0.102376245498153,20.2696808763223,19.4505640444158
"rs12553270","Insomnia","AF","C","T","C","T",0.0585398,0.0580425166797343,0.232245998062745,0.0466223,0.0590738940062115,0.0564466523099866,24.8147034339497,24.0926781731843
"rs138609400","Insomnia","AF","T","C","T","C",0.137371,0.142768393337869,0.152171579843071,0.0342458,0.0125790405382327,0.0381431196629711,19.7447876298486,19.0371227745135
"rs150081707","Insomnia","AF","A","G","A","G",0.0356968,0.0336942373683588,0.27443724570168,0.0589772,0.0759790333174025,0.0727630688182534,21.6529864311779,20.919180550319
"rs28573814","Insomnia","AF","A","G","A","G",0.391508,0.397331597787179,0.118485011435946,0.0249314,0.0222994577792398,0.027433283759147,22.5856969409558,21.871813353594
"rs35281978","Insomnia","AF","A","G","A","G",0.314383,0.322821601313473,0.112337122442418,0.0252171,-0.0152665360330909,0.0287424159271102,19.8452378683112,19.1001371671435
"rs56256111","Insomnia","AF","A","G","A","G",0.139186,0.143106483056488,0.154890406162258,0.0345551,-0.0115048024604742,0.0385703691693044,20.0920721464262,19.3527327785094
"rs5771648","Insomnia","AF","T","C","T","C",0.387078,0.397983936574615,-0.112408628688929,0.0251074,0.015938145983149,0.0274629428877018,20.0445271743819,19.3043598773032
"rs72938338","Insomnia","AF","G","A","G","A",0.0810999,0.0764292581909622,0.182379888425965,0.0406417,0.00891304316344482,0.0501340356768038,20.1377135948809,19.4067352222198
"rs73313142","Insomnia","AF","A","G","A","G",0.0566173,0.0639385243476717,0.220852929842829,0.0493582,-0.0580104780491515,0.0562417159382811,20.0210893204414,19.2991361650736
"rs76725568","Insomnia","AF","C","G","C","G",0.0713887,0.0770431181125656,0.210131257433222,0.0471334,0.0594136182996849,0.0490659445805563,19.8757616790434,19.1464093008339
"rs78182614","Insomnia","AF","T","C","T","C",0.363058,0.545427119720546,0.136242713669427,0.0264562,0.042704572174249,0.0654768482994186,26.5198852442961,25.762997707564
