"SNP","effect_allele.exposure","other_allele.exposure","effect_allele.outcome","other_allele.outcome","beta.exposure","beta.outcome","eaf.exposure","eaf.outcome","remove","palindromic","ambiguous","id.outcome","se.outcome","outcome","se.exposure","exposure","id.exposure","action","SNP_index","mr_keep","samplesize.outcome"
"rs111920836","C","T","C","T",0.414695708069987,0.0638192570362655,0.101968,0.109229095524463,FALSE,FALSE,FALSE,2,0.0434150610901401,"T2DM",0.0862925,"LongSleep",1,2,1,TRUE,NA
"rs117450402","A","G","A","G",0.62594377844578,-0.0530034825510114,0.0356666,0.037196015452702,FALSE,FALSE,FALSE,2,0.0757786756916351,"T2DM",0.133747,"LongSleep",1,2,1,TRUE,NA
"rs138971980","G","C","G","C",0.946346497987337,0.118498938779979,0.0132665,0.0153641207815275,FALSE,TRUE,FALSE,2,0.108426227038178,"T2DM",0.191077,"LongSleep",1,2,1,TRUE,NA
"rs140045289","T","C","T","C",0.844227437172832,-0.102418734600678,0.0127844,0.0119371836239306,FALSE,FALSE,FALSE,2,0.134474261888112,"T2DM",0.187724,"LongSleep",1,2,1,TRUE,NA
"rs140097546","A","C","A","C",0.663754414533626,0.175129665843845,0.0280081,0.032633371169126,FALSE,FALSE,FALSE,2,0.0784427909380829,"T2DM",0.147504,"LongSleep",1,2,1,TRUE,NA
"rs1777334","C","T","C","T",-0.281714580072029,0.00258752275002424,0.507286,0.524322003789673,FALSE,FALSE,FALSE,2,0.0285093471479282,"T2DM",0.06213,"LongSleep",1,2,1,TRUE,NA
"rs2086730","T","C","T","C",0.80725681085002,0.115118477798048,0.015704,0.0153564926510857,FALSE,FALSE,FALSE,2,0.110890387578225,"T2DM",0.167274,"LongSleep",1,2,1,TRUE,NA
"rs2819372","C","A","C","A",0.268850873166589,0.00595444967752028,0.43117,0.425963203623392,FALSE,FALSE,FALSE,2,0.0287751072019573,"T2DM",0.0587626,"LongSleep",1,2,1,TRUE,NA
"rs283864","C","G","C","G",-0.0877563817094692,-0.0749469910248627,0.384172,0.395813905294788,FALSE,TRUE,FALSE,2,0.0295494715247343,"T2DM",0.061866,"LongSleep",1,2,1,TRUE,NA
"rs3016887","C","T","C","T",0.678667859295111,-0.0857343557569223,0.0271299,0.0275175037375846,FALSE,FALSE,FALSE,2,0.0909227229224286,"T2DM",0.15021,"LongSleep",1,2,1,TRUE,NA
"rs76013678","A","C","A","C",0.158660495305087,0.00192235026571307,0.0457128,0.0410820011841326,FALSE,FALSE,FALSE,2,0.0713118299331855,"T2DM",0.129498,"LongSleep",1,2,1,TRUE,NA
