"SNP","exposure","outcome","effect_allele.exposure","other_allele.exposure","effect_allele.outcome","other_allele.outcome","eaf.exposure","eaf.outcome","beta.exposure","se.exposure","beta.outcome","se.outcome","raw_Fstat","APM_Fstat"
"rs111920836","LongSleep","T2DM","C","T","C","T",0.101968,0.109229095524463,0.414695708069987,0.0862925,0.0638192570362655,0.0434150610901401,23.0947347602728,22.3165575629804
"rs117450402","LongSleep","T2DM","A","G","A","G",0.0356666,0.037196015452702,0.62594377844578,0.133747,-0.0530034825510114,0.0757786756916351,21.9029471607553,21.1596790938568
"rs138971980","LongSleep","T2DM","G","C","G","C",0.0132665,0.0153641207815275,0.946346497987337,0.191077,0.118498938779979,0.108426227038178,24.529208264229,23.848469868104
"rs140045289","LongSleep","T2DM","T","C","T","C",0.0127844,0.0119371836239306,0.844227437172832,0.187724,-0.102418734600678,0.134474261888112,20.2245713605129,19.5325389515793
"rs140097546","LongSleep","T2DM","A","C","A","C",0.0280081,0.032633371169126,0.663754414533626,0.147504,0.175129665843845,0.0784427909380829,20.2491710872511,19.5182716030041
"rs1777334","LongSleep","T2DM","C","T","C","T",0.507286,0.524322003789673,-0.281714580072029,0.06213,0.00258752275002424,0.0285093471479282,20.5596606237358,19.7365244983523
"rs2086730","LongSleep","T2DM","T","C","T","C",0.015704,0.0153564926510857,0.80725681085002,0.167274,0.115118477798048,0.110890387578225,23.2898424802291,22.5916739689527
"rs2819372","LongSleep","T2DM","C","A","C","A",0.43117,0.425963203623392,0.268850873166589,0.0587626,0.00595444967752028,0.0287751072019573,20.9324901772712,20.118208633838
"rs283864","LongSleep","T2DM","C","G","C","G",0.384172,0.395813905294788,-0.0877563817094692,0.061866,-0.0749469910248627,0.0295494715247343,2.01211751973564,19.8971716743087
"rs3016887","LongSleep","T2DM","C","T","C","T",0.0271299,0.0275175037375846,0.678667859295111,0.15021,-0.0857343557569223,0.0909227229224286,20.413471746049,19.6776272209376
"rs76013678","LongSleep","T2DM","A","C","A","C",0.0457128,0.0410820011841326,0.158660495305087,0.129498,0.00192235026571307,0.0713118299331855,1.50110644370769,20.549112521826
