"SNP","beta_outcome","se_outcome","beta_exp1","beta_exp2","se_exp1","se_exp2","exp1","exp2","outcome","cond_F_stat_exp1","cond_F_stat_exp2"
"rs112324736",0.0306108173949218,0.0444258581715141,-0.0173,0.0456617293510696,0.0033,0.010288097411991,"BMI","Insomnia","HF",7.58274247931579,6.51605415118213
"rs117127404",-0.108115284890639,0.145755529593482,0.0051,-0.502099815459352,0.01,0.112969064143432,"BMI","Insomnia","HF",7.58274247931579,6.51605415118213
"rs11789898",-0.0585503561535179,0.0458310240341177,-0.0092,0.046667971924256,0.0031,0.00987785624720514,"BMI","Insomnia","HF",7.58274247931579,6.51605415118213
"rs11951138",0.123716676127959,0.0724525660241242,6e-04,-0.0815611273095966,0.0053,0.0182385913999007,"BMI","Insomnia","HF",7.58274247931579,6.51605415118213
"rs12553270",-0.0324766339931624,0.0758126068028449,5e-04,0.234849200676037,0.0048,0.0456392398054819,"BMI","Insomnia","HF",7.58274247931579,6.51605415118213
"rs150081707",0.0907079117783191,0.0928790020058932,-0.0094,0.258614411194193,0.0069,0.0577052937524772,"BMI","Insomnia","HF",7.58274247931579,6.51605415118213
"rs28573814",-0.0243058847763475,0.035746497891766,-0.015,0.112082773512661,0.0025,0.0242174729030352,"BMI","Insomnia","HF",7.58274247931579,6.51605415118213
"rs76725568",0.00811376735445974,0.0648623475117286,2e-04,0.205418419781492,0.0049,0.0459458575112825,"BMI","Insomnia","HF",7.58274247931579,6.51605415118213
