"SNP","beta_outcome","se_outcome","beta_exp1","beta_exp2","se_exp1","se_exp2","exp1","exp2","outcome","cond_F_stat_exp1","cond_F_stat_exp2"
"rs116045290",0.0131105646934287,0.139709379111566,0.0037,0.818117396698713,0.0111,0.176765719500153,"BMI","LongSleep","CKD",0.626248545086677,4.41256591487706
"rs138250961",0.226106747505628,0.0953190171986827,-0.0043,0.698984091506002,0.0096,0.154980586918219,"BMI","LongSleep","CKD",0.626248545086677,4.41256591487706
"rs138971980",-0.0781165558448445,0.134318431518706,-0.0082,0.901317227538676,0.0103,0.187040023929669,"BMI","LongSleep","CKD",0.626248545086677,4.41256591487706
"rs145916213",0.0462343943583962,0.0931189102432627,-4e-04,0.649094125841045,0.0078,0.146282460028372,"BMI","LongSleep","CKD",0.626248545086677,4.41256591487706
"rs1777334",0.000895708823223051,0.0314051092392331,0.0016,-0.269834492941277,0.0022,0.0602936970971061,"BMI","LongSleep","CKD",0.626248545086677,4.41256591487706
"rs304128",-0.0579936409795657,0.0471111410492504,-0.0026,0.317778481276524,0.0033,0.0714512777011903,"BMI","LongSleep","CKD",0.626248545086677,4.41256591487706
"rs4938609",0.0186939047167634,0.111717685368148,3e-04,0.22939397867774,0.0095,0.0516342469183783,"BMI","LongSleep","CKD",0.626248545086677,4.41256591487706
"rs61891046",0.0331843426398978,0.0417600258539564,0.0066,0.330928805104355,0.0036,0.0716284892591388,"BMI","LongSleep","CKD",0.626248545086677,4.41256591487706
"rs74790696",-0.00387294968528563,0.0641422184198927,0.0018,0.471713765897734,0.0053,0.103916686528966,"BMI","LongSleep","CKD",0.626248545086677,4.41256591487706
