"SNP","effect_allele.exposure","other_allele.exposure","effect_allele.outcome","other_allele.outcome","beta.exposure","beta.outcome","eaf.exposure","eaf.outcome","remove","palindromic","ambiguous","id.outcome","se.outcome","outcome","se.exposure","exposure","id.exposure","action","SNP_index","mr_keep","samplesize.outcome"
"rs11004745","C","T","C","T",0.132343186987713,-0.011479331119622,0.246937,0.259073176498404,FALSE,FALSE,FALSE,2,0.0141727159572325,"HTN",0.0295542,"Sleepiness",1,2,1,TRUE,NA
"rs117134599","T","G","T","G",0.355756522318681,0.0166284028120875,0.0262883,0.0249191034146486,FALSE,FALSE,FALSE,2,0.0398498553854062,"HTN",0.0759337,"Sleepiness",1,2,1,TRUE,NA
"rs11903853","C","T","C","T",0.167503983443531,-0.0221379948563147,0.133125,0.141707079070318,FALSE,FALSE,FALSE,2,0.017845069635301,"HTN",0.0373451,"Sleepiness",1,2,1,TRUE,NA
"rs12065179","C","G","C","G",-0.19791815384964,0.00236941276687093,0.0974634,0.108380862318626,FALSE,TRUE,FALSE,2,0.0199687994599909,"HTN",0.0441659,"Sleepiness",1,2,1,TRUE,NA
"rs12292717","C","T","C","T",-0.218570274703504,-0.000467373589956402,0.0755928,0.0799982265310948,FALSE,FALSE,FALSE,2,0.0229196878624398,"HTN",0.0488918,"Sleepiness",1,2,1,TRUE,NA
"rs13401678","T","A","T","A",0.15251505721129,0.0202523150935945,0.178788,0.182578500184706,FALSE,TRUE,FALSE,2,0.015975361954509,"HTN",0.0331991,"Sleepiness",1,2,1,TRUE,NA
"rs1456040","T","C","T","C",0.180720275426981,-0.0135595642465377,0.105871,0.106452613847927,FALSE,FALSE,FALSE,2,0.0201193875460334,"HTN",0.0408954,"Sleepiness",1,2,1,TRUE,NA
"rs200171962","C","G","C","G",0.178347002038543,0.0183485849269767,0.130993,0.171438878973152,FALSE,TRUE,FALSE,2,0.0190317589239834,"HTN",0.039867,"Sleepiness",1,2,1,TRUE,NA
"rs6048097","A","T","A","T",-0.140954302954584,0.0054475035205252,0.248879,0.259070152363781,FALSE,TRUE,FALSE,2,0.0141770660655693,"HTN",0.030392,"Sleepiness",1,2,1,TRUE,NA
"rs62460510","C","T","C","T",0.216449194021483,0.00683269448608353,0.0726653,0.0710600617913581,FALSE,FALSE,FALSE,2,0.0241422273548143,"HTN",0.0479116,"Sleepiness",1,2,1,TRUE,NA
"rs7434941","A","G","A","G",0.153210237750202,-0.00688139581449284,0.243582,0.242031769486516,FALSE,FALSE,FALSE,2,0.0145022135599051,"HTN",0.0321778,"Sleepiness",1,2,1,TRUE,NA
"rs76636859","T","C","T","C",-0.232167898522594,0.0153482056075641,0.0714405,0.0768344218209758,FALSE,FALSE,FALSE,2,0.0232441709439808,"HTN",0.0500009,"Sleepiness",1,2,1,TRUE,NA
