"SNP","exposure","outcome","effect_allele.exposure","other_allele.exposure","effect_allele.outcome","other_allele.outcome","eaf.exposure","eaf.outcome","beta.exposure","se.exposure","beta.outcome","se.outcome","raw_Fstat","APM_Fstat"
"rs111483542","ShortSleep","T2DM","A","G","A","G",0.018655,0.0197522275835529,0.500229684552587,0.1055,0.105868585291372,0.0965552837582907,22.4819511967459,21.7333692543929
"rs16822697","ShortSleep","T2DM","A","C","A","C",0.120164,0.127706973370635,-0.275974869960196,0.0563548,-0.0462729339084148,0.0423775801073582,23.9815499804302,23.2144952339625
"rs182626019","ShortSleep","T2DM","T","A","T","A",0.0237495,0.027196838506283,0.458980598255444,0.100025,0.0597230733203961,0.0834445356678979,21.0557897466323,20.319631779895
"rs55654912","ShortSleep","T2DM","C","T","C","T",0.0201158,0.0168771680156542,0.507793030098564,0.107884,-0.141519118477199,0.115031702719422,22.1543692716013,21.4399835903974
"rs7241626","ShortSleep","T2DM","C","T","C","T",0.0338432,0.0350386357580602,0.354866309344795,0.0796217,-0.0313329396256748,0.0782622874819653,19.8639973098172,19.1094266850842
"rs72776898","ShortSleep","T2DM","A","G","A","G",0.0896331,0.0875492140552381,-0.267926505086432,0.0601937,-0.0314119135420871,0.0501121343734764,19.8120437889605,19.0448892815322
"rs78213764","ShortSleep","T2DM","T","G","T","G",0.0316139,0.0322296557236316,0.406104903395504,0.0815399,0.0580670406396391,0.0761730531556434,24.8048221537138,24.0611305093796
"rs78440839","ShortSleep","T2DM","G","T","G","T",0.0151506,0.0141362109033853,0.583181633558071,0.122924,-0.0438240572517002,0.121693222882577,22.5078653423538,21.7835226692963
"rs824446","ShortSleep","T2DM","A","G","A","G",0.521318,0.528300350794097,0.153098698117051,0.0321989,-0.00386288740787391,0.0280468017582876,22.6079365032236,21.814250178608
