"SNP","exposure","outcome","effect_allele.exposure","other_allele.exposure","effect_allele.outcome","other_allele.outcome","eaf.exposure","eaf.outcome","beta.exposure","se.exposure","beta.outcome","se.outcome","raw_Fstat","APM_Fstat"
"rs111920836","LongSleep","T2DM","C","T","C","T",0.10177,0.109229095524463,0.4001577154502,0.085974,0.0725933564442358,0.0426542045895362,21.6634750744115,20.8867398960025
"rs116045290","LongSleep","T2DM","G","A","G","A",0.0135481,0.0124274203104633,0.8462716196966,0.179944,-0.0849441867970529,0.129901303658632,22.1179469985653,21.4207742770905
"rs138250961","LongSleep","T2DM","G","C","G","C",0.0226649,0.0229415508488374,0.727862567648398,0.158689,0.179411555868774,0.087077422727183,21.0380325901376,20.3413597478197
"rs138971980","LongSleep","T2DM","G","C","G","C",0.0131425,0.0153641207815275,0.931466987723653,0.190514,0.135530204836078,0.106434011635753,23.9045814646123,23.2212848298488
"rs145916213","LongSleep","T2DM","G","C","G","C",0.0266729,0.0284931912374186,0.675090128859826,0.149385,0.191827604633386,0.0774933638798293,20.4225295320627,19.6893258880849
"rs1777334","LongSleep","T2DM","C","T","C","T",0.507294,0.524322003789673,-0.281124950772763,0.0615623,0.00148430530732507,0.0279832437919882,20.8530272583157,20.028623368638
"rs283864","LongSleep","T2DM","C","G","C","G",0.384161,0.395813905294788,-0.0862956331953415,0.0614722,-0.0792128833432812,0.0289830352087176,1.97069823282116,20.1364296653885
"rs304128","LongSleep","T2DM","A","G","A","G",0.142702,0.134156811083645,0.331229948379266,0.0730405,-0.035883702242478,0.0413471912350577,20.5651422940462,19.7801222612412
"rs4938609","LongSleep","T2DM","A","C","A","C",0.021913,0.0198703432352027,0.223767356707162,0.185979,-0.0468255939970414,0.101950189876749,1.4476569078812,19.7373268681399
"rs61891046","LongSleep","T2DM","A","G","A","G",0.157704,0.165073045099984,0.343674807151713,0.0730281,0.00439595358789137,0.0377647653582392,22.147024807521,21.3450688296026
"rs74790696","LongSleep","T2DM","T","A","T","A",0.0620361,0.0645409598247328,0.490871865050033,0.106186,-0.0558172486285755,0.05775955765733,21.3698640181487,20.6056595364928
