"SNP","effect_allele.exposure","other_allele.exposure","effect_allele.outcome","other_allele.outcome","beta.exposure","beta.outcome","eaf.exposure","eaf.outcome","remove","palindromic","ambiguous","id.outcome","se.outcome","outcome","se.exposure","exposure","id.exposure","action","SNP_index","mr_keep","samplesize.outcome"
"rs111483542","A","G","A","G",0.515132336550815,0.140888602225638,0.0186623,0.0197522275835529,FALSE,FALSE,FALSE,2,0.0985176412376226,"T2DM",0.106023,"ShortSleep",1,2,1,TRUE,NA
"rs147731842","G","C","G","C",-0.353065750633974,-0.0474956847557532,0.0570066,0.0540470515079283,FALSE,TRUE,FALSE,2,0.0641355582500132,"T2DM",0.0790661,"ShortSleep",1,2,1,TRUE,NA
"rs16822697","A","C","A","C",-0.273196825371171,-0.0474003607699792,0.119789,0.127706973370635,FALSE,FALSE,FALSE,2,0.0430824786144929,"T2DM",0.0566705,"ShortSleep",1,2,1,TRUE,NA
"rs182626019","T","A","T","A",0.47354111495872,0.0577767542540951,0.0236907,0.027196838506283,FALSE,TRUE,FALSE,2,0.0852551546110195,"T2DM",0.100448,"ShortSleep",1,2,1,TRUE,NA
"rs55654912","C","T","C","T",0.490351451033641,-0.119487992902343,0.0202258,0.0168771680156542,FALSE,FALSE,FALSE,2,0.116946312336495,"T2DM",0.108462,"ShortSleep",1,2,1,TRUE,NA
"rs7241626","C","T","C","T",0.354480537990197,-0.0395038803800086,0.0339707,0.0350386357580602,FALSE,FALSE,FALSE,2,0.0796220043923645,"T2DM",0.0799647,"ShortSleep",1,2,1,TRUE,NA
"rs78213764","T","G","T","G",0.402674551457536,0.0623642505422643,0.0316767,0.0322296557236316,FALSE,FALSE,FALSE,2,0.0776708351143833,"T2DM",0.082147,"ShortSleep",1,2,1,TRUE,NA
"rs78440839","G","T","G","T",0.570691369473482,-0.0442562734307245,0.0152343,0.0141362109033853,FALSE,FALSE,FALSE,2,0.123570605655057,"T2DM",0.123914,"ShortSleep",1,2,1,TRUE,NA
"rs8045541","A","C","A","C",0.251707684278962,-0.0472697499789922,0.0761298,0.0796687438018975,FALSE,FALSE,FALSE,2,0.0542302578827148,"T2DM",0.0560818,"ShortSleep",1,2,1,TRUE,NA
"rs824446","A","G","A","G",0.14660801963609,0.000824202089391136,0.522133,0.528300350794097,FALSE,FALSE,FALSE,2,0.0285600821887662,"T2DM",0.0323741,"ShortSleep",1,2,1,TRUE,NA
