"SNP","exposure","outcome","effect_allele.exposure","other_allele.exposure","effect_allele.outcome","other_allele.outcome","eaf.exposure","eaf.outcome","beta.exposure","se.exposure","beta.outcome","se.outcome","raw_Fstat","APM_Fstat"
"rs10085952","OSA","CKD","C","T","C","T",0.234357,0.221589143271522,-0.138658801059341,0.030806,-0.0307463258805364,0.0383196140149522,20.2592917731068,19.431576522267
"rs1025462","OSA","CKD","A","G","A","G",0.0849035,0.084836690296133,-0.212426187973014,0.047335,-0.019158426415011,0.0570710319173384,20.1396235499794,19.2903884495234
"rs1175989","OSA","CKD","A","C","A","C",0.432251,0.431230013028544,0.116698002776607,0.0258891,0.0185985073544263,0.0314200605818453,20.3185607008597,19.485970294428
"rs11805515","OSA","CKD","C","T","C","T",0.0476041,0.048807198247795,0.272961758295071,0.0551203,-0.0449624086449144,0.0738703830316037,24.5233879649319,23.6922412928632
"rs147156372","OSA","CKD","A","G","A","G",0.0138489,0.0151035268696257,0.495994179638098,0.104122,0.0068059991882283,0.130781650744439,22.6917587297713,21.881403555999
"rs148993979","OSA","CKD","A","G","A","G",0.0209991,0.022377787973419,0.370024441568145,0.0834875,-0.152414691800853,0.113818079335313,19.6434565605218,18.8306325162078
"rs1532248","OSA","CKD","T","G","T","G",0.416316,0.416078379138362,-0.115757713007623,0.0257872,-0.026438954064564,0.0319922344680791,20.1507631682465,19.3420358345437
"rs2191940","OSA","CKD","G","A","G","A",0.091956,0.0960966295128558,-0.204646923523069,0.0462234,0.00219054801573484,0.0532989147731241,19.6013808085473,18.7535390607771
"rs2636751","OSA","CKD","C","T","C","T",0.400794,0.406848017523347,-0.114489839185317,0.0258072,0.00601596572270162,0.0319526654046022,19.6812245175655,18.8685453269857
"rs6127533","OSA","CKD","T","C","T","C",0.0829823,0.0776688210385558,-0.226791446801817,0.0505844,0.0214059715234557,0.0537558922294058,20.1011144847261,19.2473384529325
"rs79733973","OSA","CKD","A","G","A","G",0.0599419,0.0556163978096788,0.23572013351865,0.050864,0.0618557343045906,0.0671245446070997,21.476936629587,20.6470823925803
"rs9301102","OSA","CKD","T","C","T","C",0.30268,0.386655494464111,0.135893600413542,0.0294808,0.0404790043828297,0.0446950619766307,21.2480696509827,20.4168600425923
