"SNP","effect_allele.exposure","other_allele.exposure","effect_allele.outcome","other_allele.outcome","beta.exposure","beta.outcome","eaf.exposure","eaf.outcome","remove","palindromic","ambiguous","id.outcome","se.outcome","outcome","se.exposure","exposure","id.exposure","action","SNP_index","mr_keep","samplesize.outcome"
"rs111920836","C","T","C","T",0.414695708069987,0.0410211782616624,0.101968,0.109138704657733,FALSE,FALSE,FALSE,2,0.048735183310203,"CKD",0.0862925,"LongSleep",1,2,1,TRUE,NA
"rs117450402","A","G","A","G",0.62594377844578,0.0203718248317279,0.0356666,0.0371762616545804,FALSE,FALSE,FALSE,2,0.082871325150458,"CKD",0.133747,"LongSleep",1,2,1,TRUE,NA
"rs138971980","G","C","G","C",0.946346497987337,-0.0863716017810391,0.0132665,0.0153694741671477,FALSE,TRUE,FALSE,2,0.134524726294325,"CKD",0.191077,"LongSleep",1,2,1,TRUE,NA
"rs140045289","T","C","T","C",0.844227437172832,0.00561634601724707,0.0127844,0.0119281940477424,FALSE,FALSE,FALSE,2,0.142852811363806,"CKD",0.187724,"LongSleep",1,2,1,TRUE,NA
"rs140097546","A","C","A","C",0.663754414533626,0.0630662983937073,0.0280081,0.0326367159000632,FALSE,FALSE,FALSE,2,0.0908910719177068,"CKD",0.147504,"LongSleep",1,2,1,TRUE,NA
"rs1777334","C","T","C","T",-0.281714580072029,0.00127922647099624,0.507286,0.52428916090644,FALSE,FALSE,FALSE,2,0.0314805421952469,"CKD",0.06213,"LongSleep",1,2,1,TRUE,NA
"rs2086730","T","C","T","C",0.80725681085002,0.186839163770247,0.015704,0.0153544472398994,FALSE,FALSE,FALSE,2,0.118870278049242,"CKD",0.167274,"LongSleep",1,2,1,TRUE,NA
"rs2819372","C","A","C","A",0.268850873166589,0.00383167261366453,0.43117,0.425950865768832,FALSE,FALSE,FALSE,2,0.0319503839563903,"CKD",0.0587626,"LongSleep",1,2,1,TRUE,NA
"rs283864","C","G","C","G",-0.0877563817094692,-0.0654918941841326,0.384172,0.395775982002782,FALSE,TRUE,FALSE,2,0.0325600491338419,"CKD",0.061866,"LongSleep",1,2,1,TRUE,NA
"rs3016887","C","T","C","T",0.678667859295111,0.139044465798364,0.0271299,0.0275064381493651,FALSE,FALSE,FALSE,2,0.0894273075197566,"CKD",0.15021,"LongSleep",1,2,1,TRUE,NA
"rs76013678","A","C","A","C",0.158660495305087,-0.0450178950501037,0.0457128,0.0410987287069514,FALSE,FALSE,FALSE,2,0.0811589108306113,"CKD",0.129498,"LongSleep",1,2,1,TRUE,NA
