"SNP","exposure","outcome","effect_allele.exposure","other_allele.exposure","effect_allele.outcome","other_allele.outcome","eaf.exposure","eaf.outcome","beta.exposure","se.exposure","beta.outcome","se.outcome","raw_Fstat","APM_Fstat"
"rs111920836","LongSleep","HTN","C","T","C","T",0.101968,0.1091720840435,0.414695708069987,0.0862925,0.0323267627384166,0.0194269454097901,23.0947347602728,22.3165575629804
"rs117450402","LongSleep","HTN","A","G","A","G",0.0356666,0.0371765887967847,0.62594377844578,0.133747,0.0372025185980875,0.0326366844687945,21.9029471607553,21.1596790938568
"rs138971980","LongSleep","HTN","G","C","G","C",0.0132665,0.0153895029257048,0.946346497987337,0.191077,-0.0115958075229245,0.0504777839533933,24.529208264229,23.848469868104
"rs140045289","LongSleep","HTN","T","C","T","C",0.0127844,0.0119019474570762,0.844227437172832,0.187724,0.0315009177876693,0.0566890113560618,20.2245713605129,19.5325389515793
"rs140097546","LongSleep","HTN","A","C","A","C",0.0280081,0.0326421263921264,0.663754414533626,0.147504,0.0125677403008905,0.0366120338707622,20.2491710872511,19.5182716030041
"rs1777334","LongSleep","HTN","C","T","C","T",0.507286,0.524368977951173,-0.281714580072029,0.06213,-0.00923526750900025,0.0124094858829955,20.5596606237358,19.7365244983523
"rs2086730","LongSleep","HTN","T","C","T","C",0.015704,0.0153523353576547,0.80725681085002,0.167274,0.0120745222816463,0.0506763911185113,23.2898424802291,22.5916739689527
"rs2819372","LongSleep","HTN","C","A","C","A",0.43117,0.425883239505297,0.268850873166589,0.0587626,0.00737940309243187,0.0125823802571221,20.9324901772712,20.118208633838
"rs283864","LongSleep","HTN","C","G","C","G",0.384172,0.395800393066659,-0.0877563817094692,0.061866,-0.00752775778690097,0.0127529910546465,2.01211751973564,19.8971716743087
"rs3016887","LongSleep","HTN","C","T","C","T",0.0271299,0.027522054586024,0.678667859295111,0.15021,0.0497755929206513,0.0374959629562516,20.413471746049,19.6776272209376
"rs76013678","LongSleep","HTN","A","C","A","C",0.0457128,0.0411593474791654,0.158660495305087,0.129498,0.0522922448525726,0.0310122081922978,1.50110644370769,20.549112521826
