"SNP","beta_outcome","se_outcome","beta_exp1","beta_exp2","se_exp1","se_exp2","exp1","exp2","outcome","cond_F_stat_exp1","cond_F_stat_exp2"
"rs112324736",0.0167661424358742,0.0360035372735537,-0.0173,0.0456617293510696,0.0033,0.010288097411991,"BMI","Insomnia","T2DM",7.58274247931579,6.51605415118213
"rs117127404",-0.0838045574265726,0.116704528597083,0.0051,-0.502099815459352,0.01,0.112969064143432,"BMI","Insomnia","T2DM",7.58274247931579,6.51605415118213
"rs11789898",-0.00209571876795047,0.0362709177139135,-0.0092,0.046667971924256,0.0031,0.00987785624720514,"BMI","Insomnia","T2DM",7.58274247931579,6.51605415118213
"rs11951138",0.106018656265662,0.0589935336413517,6e-04,-0.0815611273095966,0.0053,0.0182385913999007,"BMI","Insomnia","T2DM",7.58274247931579,6.51605415118213
"rs12553270",0.0652189503513114,0.0588224414141987,5e-04,0.234849200676037,0.0048,0.0456392398054819,"BMI","Insomnia","T2DM",7.58274247931579,6.51605415118213
"rs150081707",0.0684615037345029,0.0753198176154248,-0.0094,0.258614411194193,0.0069,0.0577052937524772,"BMI","Insomnia","T2DM",7.58274247931579,6.51605415118213
"rs28573814",-0.0134818518948247,0.028739795591003,-0.015,0.112082773512661,0.0025,0.0242174729030352,"BMI","Insomnia","T2DM",7.58274247931579,6.51605415118213
"rs76725568",-0.059468210742763,0.0535142790178643,2e-04,0.205418419781492,0.0049,0.0459458575112825,"BMI","Insomnia","T2DM",7.58274247931579,6.51605415118213
