"SNP","effect_allele.exposure","other_allele.exposure","effect_allele.outcome","other_allele.outcome","beta.exposure","beta.outcome","eaf.exposure","eaf.outcome","remove","palindromic","ambiguous","id.outcome","se.outcome","outcome","se.exposure","exposure","id.exposure","action","SNP_index","mr_keep","samplesize.outcome"
"rs111920836","C","T","C","T",0.414695708069987,0.00588662214068564,0.101968,0.109129771453603,FALSE,FALSE,FALSE,2,0.0546382966654386,"HF",0.0862925,"LongSleep",1,2,1,TRUE,NA
"rs117450402","A","G","A","G",0.62594377844578,0.0817618773882266,0.0356666,0.0372009056067713,FALSE,FALSE,FALSE,2,0.0886326329927008,"HF",0.133747,"LongSleep",1,2,1,TRUE,NA
"rs138971980","G","C","G","C",0.946346497987337,0.0835789955564402,0.0132665,0.0153674272692296,FALSE,TRUE,FALSE,2,0.13733218064493,"HF",0.191077,"LongSleep",1,2,1,TRUE,NA
"rs140045289","T","C","T","C",0.844227437172832,-0.216398043348863,0.0127844,0.0119266055045872,FALSE,FALSE,FALSE,2,0.175523106315785,"HF",0.187724,"LongSleep",1,2,1,TRUE,NA
"rs140097546","A","C","A","C",0.663754414533626,-0.136839820532202,0.0280081,0.0326471065002432,FALSE,FALSE,FALSE,2,0.108685980916003,"HF",0.147504,"LongSleep",1,2,1,TRUE,NA
"rs1777334","C","T","C","T",-0.281714580072029,-0.0303241402947666,0.507286,0.524285925706675,FALSE,FALSE,FALSE,2,0.0349220991455156,"HF",0.06213,"LongSleep",1,2,1,TRUE,NA
"rs2086730","T","C","T","C",0.80725681085002,0.0959489973531102,0.015704,0.0153450036253866,FALSE,FALSE,FALSE,2,0.137927800320925,"HF",0.167274,"LongSleep",1,2,1,TRUE,NA
"rs2819372","C","A","C","A",0.268850873166589,0.0138760078721419,0.43117,0.42589413871173,FALSE,FALSE,FALSE,2,0.0353877078991265,"HF",0.0587626,"LongSleep",1,2,1,TRUE,NA
"rs283864","C","G","C","G",-0.0877563817094692,-0.0522347509909066,0.384172,0.395767665556789,FALSE,TRUE,FALSE,2,0.036120522861825,"HF",0.061866,"LongSleep",1,2,1,TRUE,NA
"rs3016887","C","T","C","T",0.678667859295111,0.211713239520172,0.0271299,0.027495375508694,FALSE,FALSE,FALSE,2,0.097565678412516,"HF",0.15021,"LongSleep",1,2,1,TRUE,NA
"rs76013678","A","C","A","C",0.158660495305087,-0.0476576306352644,0.0457128,0.0410784574861641,FALSE,FALSE,FALSE,2,0.0890010194007719,"HF",0.129498,"LongSleep",1,2,1,TRUE,NA
