"SNP","exposure","outcome","effect_allele.exposure","other_allele.exposure","effect_allele.outcome","other_allele.outcome","eaf.exposure","eaf.outcome","beta.exposure","se.exposure","beta.outcome","se.outcome","raw_Fstat","APM_Fstat"
"rs111920836","LongSleep","HF","C","T","C","T",0.101968,0.109129771453603,0.414695708069987,0.0862925,0.00588662214068564,0.0546382966654386,23.0947347602728,22.3165575629804
"rs117450402","LongSleep","HF","A","G","A","G",0.0356666,0.0372009056067713,0.62594377844578,0.133747,0.0817618773882266,0.0886326329927008,21.9029471607553,21.1596790938568
"rs138971980","LongSleep","HF","G","C","G","C",0.0132665,0.0153674272692296,0.946346497987337,0.191077,0.0835789955564402,0.13733218064493,24.529208264229,23.848469868104
"rs140045289","LongSleep","HF","T","C","T","C",0.0127844,0.0119266055045872,0.844227437172832,0.187724,-0.216398043348863,0.175523106315785,20.2245713605129,19.5325389515793
"rs140097546","LongSleep","HF","A","C","A","C",0.0280081,0.0326471065002432,0.663754414533626,0.147504,-0.136839820532202,0.108685980916003,20.2491710872511,19.5182716030041
"rs1777334","LongSleep","HF","C","T","C","T",0.507286,0.524285925706675,-0.281714580072029,0.06213,-0.0303241402947666,0.0349220991455156,20.5596606237358,19.7365244983523
"rs2086730","LongSleep","HF","T","C","T","C",0.015704,0.0153450036253866,0.80725681085002,0.167274,0.0959489973531102,0.137927800320925,23.2898424802291,22.5916739689527
"rs2819372","LongSleep","HF","C","A","C","A",0.43117,0.42589413871173,0.268850873166589,0.0587626,0.0138760078721419,0.0353877078991265,20.9324901772712,20.118208633838
"rs283864","LongSleep","HF","C","G","C","G",0.384172,0.395767665556789,-0.0877563817094692,0.061866,-0.0522347509909066,0.036120522861825,2.01211751973564,19.8971716743087
"rs3016887","LongSleep","HF","C","T","C","T",0.0271299,0.027495375508694,0.678667859295111,0.15021,0.211713239520172,0.097565678412516,20.413471746049,19.6776272209376
"rs76013678","LongSleep","HF","A","C","A","C",0.0457128,0.0410784574861641,0.158660495305087,0.129498,-0.0476576306352644,0.0890010194007719,1.50110644370769,20.549112521826
