"SNP","exposure","outcome","effect_allele.exposure","other_allele.exposure","effect_allele.outcome","other_allele.outcome","eaf.exposure","eaf.outcome","beta.exposure","se.exposure","beta.outcome","se.outcome","raw_Fstat","APM_Fstat"
"rs10137824","LongSleep","HF","G","T","G","T",0.442588,0.448450272846882,0.0828050427567097,0.0170206,-0.00332857010613999,0.0310555776011018,23.6681242488285,24.1765543624807
"rs11717975","LongSleep","HF","C","T","C","T",0.0852603,0.084377358490566,0.122217632724249,0.0276323,-0.0860117891328106,0.057402216676775,19.5629193397596,20.6595326244012
"rs12422102","LongSleep","HF","A","G","A","G",0.304967,0.305587302956462,-0.081795910302183,0.0179692,-0.0182489596134457,0.0337338198890622,20.7207606946871,21.5586641563938
"rs147114449","LongSleep","HF","T","C","T","C",0.0122203,0.018899861997585,0.323227771775664,0.0657739,-0.00369474015995981,0.113178911728338,24.149611541801,24.5008055854685
"rs283855","LongSleep","HF","C","G","C","G",0.39247,0.40427357855172,-0.0808847287404638,0.0177282,-0.022980124200315,0.0317872267529117,20.8163116660116,21.9941960825747
"rs34463696","LongSleep","HF","T","C","T","C",0.107246,0.109944370175514,0.120614578607803,0.0266537,-0.0173982927419043,0.049844403712063,20.4778613087691,20.520004891866
"rs36073432","LongSleep","HF","T","A","T","A",0.0319321,0.0316974297050198,0.234676787127883,0.0452573,0.0878724742191518,0.0845792816046961,26.8882777659208,27.2046137401327
"rs6737318","LongSleep","HF","G","A","G","A",0.217275,0.230744350526134,0.0857555888176235,0.0194045,-0.0280918820190284,0.0369412539458494,19.5307964207238,20.2918473675468
"rs72719172","LongSleep","HF","C","T","C","T",0.0315827,0.0380045713299983,0.21203406890438,0.045471,0.032480831006838,0.0801818206862907,21.7441424374911,22.3792580843857
"rs7577635","LongSleep","HF","C","T","C","T",0.409136,0.408752749385431,-0.0774319519972453,0.0173561,-0.0214746542884902,0.0315500689418274,19.9038058978604,20.3688855245585
"rs76402879","LongSleep","HF","C","T","C","T",0.0138474,0.0162577083962223,0.310333579011518,0.0666471,0.138210389037593,0.116026404987593,21.6817846488432,21.996377814536
"rs77471963","LongSleep","HF","G","A","G","A",0.109047,0.10795834321568,-0.127146107729749,0.0268718,-0.00191404537991709,0.0500703229333206,22.3878620747734,22.5254176312564
"rs7806285","LongSleep","HF","C","A","C","A",0.242707,0.274518610650451,0.0884961075648239,0.0198437,0.0453779573266748,0.0357352991091513,19.8885459306796,20.0048221204105
