"SNP","exposure","outcome","effect_allele.exposure","other_allele.exposure","effect_allele.outcome","other_allele.outcome","eaf.exposure","eaf.outcome","beta.exposure","se.exposure","beta.outcome","se.outcome","raw_Fstat","APM_Fstat"
"rs10085952","OSA","CAD","C","T","C","T",0.234357,0.221628058341469,-0.138658801059341,0.030806,-0.00348236490356381,0.0434572333164183,20.2592917731068,19.431576522267
"rs1025462","OSA","CAD","A","G","A","G",0.0849035,0.0848273719712435,-0.212426187973014,0.047335,0.0413307994503198,0.0636804666064885,20.1396235499794,19.2903884495234
"rs1175989","OSA","CAD","A","C","A","C",0.432251,0.431254162042175,0.116698002776607,0.0258891,0.0405940225966109,0.0356394675712554,20.3185607008597,19.485970294428
"rs11805515","OSA","CAD","C","T","C","T",0.0476041,0.0487922133633123,0.272961758295071,0.0551203,-0.0423947313792245,0.0848607940896928,24.5233879649319,23.6922412928632
"rs147156372","OSA","CAD","A","G","A","G",0.0138489,0.0151187904967603,0.495994179638098,0.104122,0.154732639852063,0.141196429337122,22.6917587297713,21.881403555999
"rs148993979","OSA","CAD","A","G","A","G",0.0209991,0.0223601289978993,0.370024441568145,0.0834875,-0.0422093105643762,0.12486454622328,19.6434565605218,18.8306325162078
"rs1532248","OSA","CAD","T","G","T","G",0.416316,0.41612426035503,-0.115757713007623,0.0257872,-0.00625802858361551,0.0362436977753375,20.1507631682465,19.3420358345437
"rs2191940","OSA","CAD","G","A","G","A",0.091956,0.0961339290998402,-0.204646923523069,0.0462234,0.0273786806914249,0.0596829174225,19.6013808085473,18.7535390607771
"rs2636751","OSA","CAD","C","T","C","T",0.400794,0.406838959732536,-0.114489839185317,0.0258072,-0.0331917725270951,0.03646543031867,19.6812245175655,18.8685453269857
"rs6127533","OSA","CAD","T","C","T","C",0.0829823,0.0776936214450137,-0.226791446801817,0.0505844,-0.0357070851792194,0.0637695152296385,20.1011144847261,19.2473384529325
"rs79733973","OSA","CAD","A","G","A","G",0.0599419,0.0556574606884514,0.23572013351865,0.050864,0.0868698629601787,0.0758727512958048,21.476936629587,20.6470823925803
"rs9301102","OSA","CAD","T","C","T","C",0.30268,0.386698533978207,0.135893600413542,0.0294808,-0.0718475083951346,0.051032784322396,21.2480696509827,20.4168600425923
