"SNP","beta_outcome","se_outcome","beta_exp1","beta_exp2","se_exp1","se_exp2","exp1","exp2","outcome","cond_F_stat_exp1","cond_F_stat_exp2"
"rs116045290",0.209560189815168,0.14560061362518,0.0037,0.818117396698713,0.0111,0.176765719500153,"BMI","LongSleep","CAD",0.626248545086677,4.41256591487706
"rs138250961",0.138652741431125,0.112178047966267,-0.0043,0.698984091506002,0.0096,0.154980586918219,"BMI","LongSleep","CAD",0.626248545086677,4.41256591487706
"rs138971980",-0.292282378503886,0.171842929778608,-0.0082,0.901317227538676,0.0103,0.187040023929669,"BMI","LongSleep","CAD",0.626248545086677,4.41256591487706
"rs145916213",0.0515782326995354,0.10661749388697,-4e-04,0.649094125841045,0.0078,0.146282460028372,"BMI","LongSleep","CAD",0.626248545086677,4.41256591487706
"rs1777334",-0.00872878848458305,0.0357304957383545,0.0016,-0.269834492941277,0.0022,0.0602936970971061,"BMI","LongSleep","CAD",0.626248545086677,4.41256591487706
"rs304128",-0.0425819416773229,0.0536438507953488,-0.0026,0.317778481276524,0.0033,0.0714512777011903,"BMI","LongSleep","CAD",0.626248545086677,4.41256591487706
"rs4938609",0.0493976686638436,0.126566607114678,3e-04,0.22939397867774,0.0095,0.0516342469183783,"BMI","LongSleep","CAD",0.626248545086677,4.41256591487706
"rs61891046",0.0370928462125678,0.0473374310724812,0.0066,0.330928805104355,0.0036,0.0716284892591388,"BMI","LongSleep","CAD",0.626248545086677,4.41256591487706
"rs74790696",0.114661641334522,0.0700532020483671,0.0018,0.471713765897734,0.0053,0.103916686528966,"BMI","LongSleep","CAD",0.626248545086677,4.41256591487706
