"SNP","beta_outcome","se_outcome","beta_exp1","beta_exp2","se_exp1","se_exp2","exp1","exp2","outcome","cond_F_stat_exp1","cond_F_stat_exp2"
"rs12422102",0.00544979393734682,0.0283039815526491,0.0106,-0.080103292842114,0.0027,0.0177943,"BMI","LongSleep","CAD",2.57213388261357,19.9497465991794
"rs13070948",-0.0967293346940331,0.0362303887806681,8e-04,0.101039192174266,0.0039,0.022855,"BMI","LongSleep","CAD",2.57213388261357,19.9497465991794
"rs147114449",0.057182329909555,0.0908736646623943,-0.0118,0.321626873192208,0.0117,0.0653591,"BMI","LongSleep","CAD",2.57213388261357,19.9497465991794
"rs34463696",0.0193620586697293,0.0412761324038897,0.0067,0.122943033274454,0.0047,0.0263967,"BMI","LongSleep","CAD",2.57213388261357,19.9497465991794
"rs36073432",0.0738934669319951,0.0722198723589176,0.0037,0.229236948802762,0.0078,0.0449342,"BMI","LongSleep","CAD",2.57213388261357,19.9497465991794
"rs4607435",-0.0445776979812737,0.0309565852644729,7e-04,0.084662787878709,0.0034,0.0190437,"BMI","LongSleep","CAD",2.57213388261357,19.9497465991794
"rs72719172",-0.14452779429332,0.0720078943732616,-0.0054,0.213925192504131,0.008,0.04501,"BMI","LongSleep","CAD",2.57213388261357,19.9497465991794
"rs7577635",0.0300432872294213,0.0265258085557865,-0.0031,-0.078208058338985,0.0025,0.0171993,"BMI","LongSleep","CAD",2.57213388261357,19.9497465991794
"rs76013678",-0.0988976449039317,0.0700292200346281,-0.0091,0.161659560345859,0.0069,0.0360939,"BMI","LongSleep","CAD",2.57213388261357,19.9497465991794
"rs76402879",-0.029607209930147,0.104560788365959,0.0248,0.310802718442495,0.0114,0.0660669,"BMI","LongSleep","CAD",2.57213388261357,19.9497465991794
"rs77471963",0.0711744597740736,0.0415064448728326,0.0028,-0.123856064220383,0.005,0.0265894,"BMI","LongSleep","CAD",2.57213388261357,19.9497465991794
