"SNP","beta_outcome","se_outcome","beta_exp1","beta_exp2","se_exp1","se_exp2","exp1","exp2","outcome","cond_F_stat_exp1","cond_F_stat_exp2"
"rs117849753",0.101101317394124,0.130361596047667,0.0071,0.403870504069325,0.0102,0.0899587,"BMI","OSA","HF",3.65207085580278,8.75132635293549
"rs11805515",0.0663988901695107,0.0779267157983952,0.0017,0.255835304812432,0.0053,0.0523207,"BMI","OSA","HF",3.65207085580278,8.75132635293549
"rs12301832",-0.0110897064311603,0.0372690298340064,0.0032,0.119869745850384,0.0028,0.0270299,"BMI","OSA","HF",3.65207085580278,8.75132635293549
"rs146632866",0.11104271388328,0.131981818371993,0.0265,0.402888458061381,0.0111,0.0910824,"BMI","OSA","HF",3.65207085580278,8.75132635293549
"rs147156372",-0.0114629828937858,0.143462782269528,-0.0256,0.452361416572393,0.0103,0.0979001,"BMI","OSA","HF",3.65207085580278,8.75132635293549
"rs148993979",0.101523311996235,0.111942800357259,0.0182,0.356736942016812,0.0081,0.0790262,"BMI","OSA","HF",3.65207085580278,8.75132635293549
"rs322237",0.0174869162902233,0.040266121931601,-7e-04,0.12812053027586,0.0027,0.0286622,"BMI","OSA","HF",3.65207085580278,8.75132635293549
"rs56353887",-0.0418343093115551,0.058079796412285,0.0141,0.174096154063185,0.0042,0.0383808,"BMI","OSA","HF",3.65207085580278,8.75132635293549
"rs57946121",0.0397043217111126,0.0734721837292327,0.0091,-0.263804100534125,0.0058,0.0587567,"BMI","OSA","HF",3.65207085580278,8.75132635293549
"rs7183818",0.00937444375466391,0.0351906842458568,-0.0131,-0.110394274903555,0.0023,0.0247124,"BMI","OSA","HF",3.65207085580278,8.75132635293549
"rs73270123",-0.124469182953012,0.0619239471517789,-0.004,-0.202078241145528,0.0045,0.0443982,"BMI","OSA","HF",3.65207085580278,8.75132635293549
"rs75439231",-0.348588063360113,0.127023915469653,0.0042,0.321873332158038,0.0079,0.0715071,"BMI","OSA","HF",3.65207085580278,8.75132635293549
"rs78203474",0.0401948895954736,0.0661018870711252,0.0028,0.220147066333935,0.0053,0.0468536,"BMI","OSA","HF",3.65207085580278,8.75132635293549
"rs79252054",-0.129513952902598,0.150789500349593,0.0274,0.398104753701872,0.0099,0.0881917,"BMI","OSA","HF",3.65207085580278,8.75132635293549
"rs9829686",-0.00783578124119178,0.0347490528329333,-0.003,-0.109722236368893,0.0023,0.0247276,"BMI","OSA","HF",3.65207085580278,8.75132635293549
