"SNP","exposure","outcome","effect_allele.exposure","other_allele.exposure","effect_allele.outcome","other_allele.outcome","eaf.exposure","eaf.outcome","beta.exposure","se.exposure","beta.outcome","se.outcome","raw_Fstat","APM_Fstat"
"rs111920836","LongSleep","HTN","C","T","C","T",0.10177,0.1091720840435,0.4001577154502,0.085974,0.0328897119383232,0.0188652831674903,21.6634750744115,20.8867398960025
"rs116045290","LongSleep","HTN","G","A","G","A",0.0135481,0.0123913172058911,0.8462716196966,0.179944,0.0466171953971049,0.0539038141782137,22.1179469985653,21.4207742770905
"rs138250961","LongSleep","HTN","G","C","G","C",0.0226649,0.0229096174588868,0.727862567648398,0.158689,0.0926984723853375,0.0398283701147674,21.0380325901376,20.3413597478197
"rs138971980","LongSleep","HTN","G","C","G","C",0.0131425,0.0153895029257048,0.931466987723653,0.190514,-0.00405537166311194,0.049042468708588,23.9045814646123,23.2212848298488
"rs145916213","LongSleep","HTN","G","C","G","C",0.0266729,0.0284964905799778,0.675090128859826,0.149385,0.00783933103175521,0.0362471605541854,20.4225295320627,19.6893258880849
"rs1777334","LongSleep","HTN","C","T","C","T",0.507294,0.524368977951173,-0.281124950772763,0.0615623,-0.00949378299345962,0.0120579084724691,20.8530272583157,20.028623368638
"rs283864","LongSleep","HTN","C","G","C","G",0.384161,0.395800393066659,-0.0862956331953415,0.0614722,-0.0108283612008905,0.0123837099180139,1.97069823282116,20.1364296653885
"rs304128","LongSleep","HTN","A","G","A","G",0.142702,0.134133727373476,0.331229948379266,0.0730405,-0.00810445745793661,0.0176764967240424,20.5651422940462,19.7801222612412
"rs4938609","LongSleep","HTN","A","C","A","C",0.021913,0.0198215103651059,0.223767356707162,0.185979,0.0743828810786363,0.0426558983842454,1.4476569078812,19.7373268681399
"rs61891046","LongSleep","HTN","A","G","A","G",0.157704,0.165137343558373,0.343674807151713,0.0730281,-0.000699051452439522,0.0162354132854486,22.147024807521,21.3450688296026
"rs74790696","LongSleep","HTN","T","A","T","A",0.0620361,0.0645411556080981,0.490871865050033,0.106186,0.00334438108902482,0.0244510609394893,21.3698640181487,20.6056595364928
