"SNP","exposure","outcome","effect_allele.exposure","other_allele.exposure","effect_allele.outcome","other_allele.outcome","eaf.exposure","eaf.outcome","beta.exposure","se.exposure","beta.outcome","se.outcome","raw_Fstat","APM_Fstat"
"rs112324736","Insomnia","HTN","G","A","G","A",0.184698,0.185659344723023,0.0439977464776452,0.031276,0.0348189097186196,0.0154903243238119,1.97896656554059,19.6985643591238
"rs117127404","Insomnia","HTN","T","C","T","C",0.0155672,0.0156621699493196,-0.523563068348089,0.115427,-0.0138705113916516,0.0486018500153013,20.5742111144933,19.7542734632832
"rs11789898","Insomnia","HTN","T","G","T","G",0.177533,0.182584726348305,0.0466450078230438,0.0305657,-0.0103731574276889,0.0156246919658253,2.32885070398782,22.3209385940534
"rs11951138","Insomnia","HTN","G","A","G","A",0.050806,0.0555063019932917,-0.0798953018716389,0.0559484,0.0348703508036837,0.0262668490164952,2.03923436697387,19.9978751087375
"rs12553270","Insomnia","HTN","C","T","C","T",0.0582212,0.0579750838665819,0.242569637139312,0.0465059,0.0300513410816566,0.0257939799368168,27.2055036443631,26.4789871513323
"rs150081707","Insomnia","HTN","A","G","A","G",0.035717,0.033703714648778,0.26842279751297,0.0588301,-0.0161197303161866,0.0336004529411318,20.8180296793604,20.0851061765299
"rs28573814","Insomnia","HTN","A","G","A","G",0.39154,0.397275252674508,0.116982715485614,0.0248692,-0.0355352978989656,0.0123802119933632,22.1268589107214,21.4200309144577
"rs76725568","Insomnia","HTN","C","G","C","G",0.0712185,0.0770668636867381,0.213925192504131,0.0469983,0.00275703780709317,0.0225572044250382,20.7185598704935,19.988768821258
"rs78182614","Insomnia","HTN","T","C","T","C",0.36344,0.545466078848045,0.132229295263576,0.026397,0.0423758010726111,0.0295333800153221,25.0926322500813,24.3362488041416
