"SNP","exposure","outcome","effect_allele.exposure","other_allele.exposure","effect_allele.outcome","other_allele.outcome","eaf.exposure","eaf.outcome","beta.exposure","se.exposure","beta.outcome","se.outcome","raw_Fstat","APM_Fstat"
"rs117127404","Insomnia","HTN","T","C","T","C",0.0155672,0.0156621699493196,-0.523563068348089,0.115427,-0.0138705113916516,0.0486018500153013,20.5742111144933,19.7542734632832
"rs12553270","Insomnia","HTN","C","T","C","T",0.0582212,0.0579750838665819,0.242569637139312,0.0465059,0.0300513410816566,0.0257939799368168,27.2055036443631,26.4789871513324
"rs1475549","Insomnia","HTN","T","G","T","G",0.0586521,0.0612652017791438,-0.249663363467434,0.0561647,-0.00634653944064507,0.0251606336499461,19.7598092177154,18.9724665039321
"rs150081707","Insomnia","HTN","A","G","A","G",0.035717,0.033703714648778,0.26842279751297,0.0588301,-0.0161197303161866,0.0336004529411318,20.8180296793604,20.0851061765298
"rs28573814","Insomnia","HTN","A","G","A","G",0.39154,0.397275252674508,0.116982715485614,0.0248692,-0.0355352978989656,0.0123802119933632,22.1268589107214,21.4200309144578
"rs56256111","Insomnia","HTN","A","G","A","G",0.139098,0.14300279267698,0.153553358609311,0.0344867,0.00327345882503359,0.0172583803485048,19.8250988671022,19.0873934220722
"rs5771648","Insomnia","HTN","T","C","T","C",0.386769,0.397949081667332,-0.110874579090541,0.0250637,0.00213235451137768,0.0123619807631087,19.5692238475302,18.8322836378642
"rs60365505","Insomnia","HTN","G","T","G","T",0.0572297,0.0617519283624435,0.213949414474266,0.0483258,-0.0190491161943583,0.0250014945388404,19.6003623471427,18.9289091232928
"rs73313142","Insomnia","HTN","A","G","A","G",0.0565757,0.063924106747052,0.218661522010342,0.0492748,-0.0108655825897422,0.0247015586953457,19.6922342370371,18.9674543171139
"rs76725568","Insomnia","HTN","C","G","C","G",0.0712185,0.0770668636867381,0.213925192504131,0.0469983,0.00275703780709317,0.0225572044250382,20.7185598704935,19.9887688212579
"rs78182614","Insomnia","HTN","T","C","T","C",0.36344,0.545466078848045,0.132229295263576,0.026397,0.0423758010726111,0.0295333800153221,25.0926322500813,24.3362488041416
"rs9784526","Insomnia","HTN","G","A","G","A",0.206092,0.208369659982563,0.124895460071316,0.0282546,0.0206709266521466,0.0148234565818707,19.5395688921775,18.785782270575
