"SNP","exposure","outcome","effect_allele.exposure","other_allele.exposure","effect_allele.outcome","other_allele.outcome","eaf.exposure","eaf.outcome","beta.exposure","se.exposure","beta.outcome","se.outcome","raw_Fstat","APM_Fstat"
"rs11058004","Sleepiness","HTN","A","G","A","G",0.352441,0.372868583586985,-0.117742411481556,0.0265624,0.0154902813257162,0.0124867108607078,19.6485826445071,18.8593935085316
"rs117134599","Sleepiness","HTN","T","G","T","G",0.0261767,0.0249191034146486,0.347814808606414,0.074731,0.0109288541181844,0.0386615804695123,21.6618004022414,20.8927191633696
"rs13013628","Sleepiness","HTN","C","T","C","T",0.12503,0.131104940379846,0.166708640388778,0.0373754,-0.0194370222278234,0.0179738279539458,19.8950264383092,19.1201412333076
"rs13401678","Sleepiness","HTN","T","A","T","A",0.179245,0.182578500184706,0.148195842064579,0.0326571,0.019820012620202,0.0155126924817061,20.5928665637153,19.8143160477521
"rs62139969","Sleepiness","HTN","A","G","A","G",0.0163186,0.0183313383871969,0.455600398934992,0.100938,-0.0145247213007256,0.0450427311157842,20.3731789911684,19.5948780800987
"rs62460510","Sleepiness","HTN","C","T","C","T",0.0731719,0.0710600617913581,0.212341417780123,0.0469628,0.00340107471266702,0.0234455863638775,20.4437923345271,19.6599306224668
"rs72727875","Sleepiness","HTN","A","T","A","T",0.118078,0.118368161262673,0.176487907434603,0.039475,0.0352194766480279,0.0185890491940171,19.9887497249693,19.231850098277
"rs7434941","Sleepiness","HTN","A","G","A","G",0.243496,0.242031769486516,0.147151960109606,0.0316807,-0.00141853981705487,0.014079944959964,21.5745906800025,20.7822966419148
"rs76636859","Sleepiness","HTN","T","C","T","C",0.0713587,0.0768344218209758,-0.237342632839088,0.0493712,0.015115053638145,0.0225776982373854,23.1102234706022,22.3235331475956
"rs9919172","Sleepiness","HTN","G","A","G","A",0.104919,0.116791287386216,-0.193782584174719,0.042119,-0.00423456086134029,0.0187856712103402,21.1676859326806,20.3692558194559
