"SNP","effect_allele.exposure","other_allele.exposure","effect_allele.outcome","other_allele.outcome","beta.exposure","beta.outcome","eaf.exposure","eaf.outcome","remove","palindromic","ambiguous","id.outcome","se.outcome","outcome","se.exposure","exposure","id.exposure","action","SNP_index","mr_keep","samplesize.outcome"
"rs10085952","C","T","C","T",-0.138658801059341,-0.0307463258805364,0.234357,0.221589143271522,FALSE,FALSE,FALSE,2,0.0383196140149522,"CKD",0.030806,"OSA",1,2,1,TRUE,NA
"rs1025462","A","G","A","G",-0.212426187973014,-0.019158426415011,0.0849035,0.084836690296133,FALSE,FALSE,FALSE,2,0.0570710319173384,"CKD",0.047335,"OSA",1,2,1,TRUE,NA
"rs1175989","A","C","A","C",0.116698002776607,0.0185985073544263,0.432251,0.431230013028544,FALSE,FALSE,FALSE,2,0.0314200605818453,"CKD",0.0258891,"OSA",1,2,1,TRUE,NA
"rs11805515","C","T","C","T",0.272961758295071,-0.0449624086449144,0.0476041,0.048807198247795,FALSE,FALSE,FALSE,2,0.0738703830316037,"CKD",0.0551203,"OSA",1,2,1,TRUE,NA
"rs147156372","A","G","A","G",0.495994179638098,0.0068059991882283,0.0138489,0.0151035268696257,FALSE,FALSE,FALSE,2,0.130781650744439,"CKD",0.104122,"OSA",1,2,1,TRUE,NA
"rs148993979","A","G","A","G",0.370024441568145,-0.152414691800853,0.0209991,0.022377787973419,FALSE,FALSE,FALSE,2,0.113818079335313,"CKD",0.0834875,"OSA",1,2,1,TRUE,NA
"rs1532248","T","G","T","G",-0.115757713007623,-0.026438954064564,0.416316,0.416078379138362,FALSE,FALSE,FALSE,2,0.0319922344680791,"CKD",0.0257872,"OSA",1,2,1,TRUE,NA
"rs2191940","G","A","G","A",-0.204646923523069,0.00219054801573484,0.091956,0.0960966295128558,FALSE,FALSE,FALSE,2,0.0532989147731241,"CKD",0.0462234,"OSA",1,2,1,TRUE,NA
"rs2636751","C","T","C","T",-0.114489839185317,0.00601596572270162,0.400794,0.406848017523347,FALSE,FALSE,FALSE,2,0.0319526654046022,"CKD",0.0258072,"OSA",1,2,1,TRUE,NA
"rs6127533","T","C","T","C",-0.226791446801817,0.0214059715234557,0.0829823,0.0776688210385558,FALSE,FALSE,FALSE,2,0.0537558922294058,"CKD",0.0505844,"OSA",1,2,1,TRUE,NA
"rs79733973","A","G","A","G",0.23572013351865,0.0618557343045906,0.0599419,0.0556163978096788,FALSE,FALSE,FALSE,2,0.0671245446070997,"CKD",0.050864,"OSA",1,2,1,TRUE,NA
"rs9301102","T","C","T","C",0.135893600413542,0.0404790043828297,0.30268,0.386655494464111,FALSE,FALSE,FALSE,2,0.0446950619766307,"CKD",0.0294808,"OSA",1,2,1,TRUE,NA
