"SNP","effect_allele.exposure","other_allele.exposure","effect_allele.outcome","other_allele.outcome","beta.exposure","beta.outcome","eaf.exposure","eaf.outcome","remove","palindromic","ambiguous","id.outcome","se.outcome","outcome","se.exposure","exposure","id.exposure","action","SNP_index","mr_keep","samplesize.outcome"
"rs111920836","C","T","C","T",0.414695708069987,0.0323267627384166,0.101968,0.1091720840435,FALSE,FALSE,FALSE,2,0.0194269454097901,"HTN",0.0862925,"LongSleep",1,2,1,TRUE,NA
"rs117450402","A","G","A","G",0.62594377844578,0.0372025185980875,0.0356666,0.0371765887967847,FALSE,FALSE,FALSE,2,0.0326366844687945,"HTN",0.133747,"LongSleep",1,2,1,TRUE,NA
"rs138971980","G","C","G","C",0.946346497987337,-0.0115958075229245,0.0132665,0.0153895029257048,FALSE,TRUE,FALSE,2,0.0504777839533933,"HTN",0.191077,"LongSleep",1,2,1,TRUE,NA
"rs140045289","T","C","T","C",0.844227437172832,0.0315009177876693,0.0127844,0.0119019474570762,FALSE,FALSE,FALSE,2,0.0566890113560618,"HTN",0.187724,"LongSleep",1,2,1,TRUE,NA
"rs140097546","A","C","A","C",0.663754414533626,0.0125677403008905,0.0280081,0.0326421263921264,FALSE,FALSE,FALSE,2,0.0366120338707622,"HTN",0.147504,"LongSleep",1,2,1,TRUE,NA
"rs1777334","C","T","C","T",-0.281714580072029,-0.00923526750900025,0.507286,0.524368977951173,FALSE,FALSE,FALSE,2,0.0124094858829955,"HTN",0.06213,"LongSleep",1,2,1,TRUE,NA
"rs2086730","T","C","T","C",0.80725681085002,0.0120745222816463,0.015704,0.0153523353576547,FALSE,FALSE,FALSE,2,0.0506763911185113,"HTN",0.167274,"LongSleep",1,2,1,TRUE,NA
"rs2819372","C","A","C","A",0.268850873166589,0.00737940309243187,0.43117,0.425883239505297,FALSE,FALSE,FALSE,2,0.0125823802571221,"HTN",0.0587626,"LongSleep",1,2,1,TRUE,NA
"rs283864","C","G","C","G",-0.0877563817094692,-0.00752775778690097,0.384172,0.395800393066659,FALSE,TRUE,FALSE,2,0.0127529910546465,"HTN",0.061866,"LongSleep",1,2,1,TRUE,NA
"rs3016887","C","T","C","T",0.678667859295111,0.0497755929206513,0.0271299,0.027522054586024,FALSE,FALSE,FALSE,2,0.0374959629562516,"HTN",0.15021,"LongSleep",1,2,1,TRUE,NA
"rs76013678","A","C","A","C",0.158660495305087,0.0522922448525726,0.0457128,0.0411593474791654,FALSE,FALSE,FALSE,2,0.0310122081922978,"HTN",0.129498,"LongSleep",1,2,1,TRUE,NA
