"SNP","effect_allele.exposure","other_allele.exposure","effect_allele.outcome","other_allele.outcome","beta.exposure","beta.outcome","eaf.exposure","eaf.outcome","remove","palindromic","ambiguous","id.outcome","se.outcome","outcome","se.exposure","exposure","id.exposure","action","SNP_index","mr_keep","samplesize.outcome"
"rs111483542","A","G","A","G",0.500229684552587,0.130708448858675,0.018655,0.0197691624741048,FALSE,FALSE,FALSE,2,0.118299902733555,"HF",0.1055,"ShortSleep",1,2,1,TRUE,NA
"rs16822697","A","C","A","C",-0.275974869960196,-0.0455500752861941,0.120164,0.127672955974843,FALSE,FALSE,FALSE,2,0.0528519253855039,"HF",0.0563548,"ShortSleep",1,2,1,TRUE,NA
"rs182626019","T","A","T","A",0.458980598255444,0.0949888273026475,0.0237495,0.0272117902960891,FALSE,TRUE,FALSE,2,0.102394883074586,"HF",0.100025,"ShortSleep",1,2,1,TRUE,NA
"rs55654912","C","T","C","T",0.507793030098564,-0.0925533001715345,0.0201158,0.0168948959630091,FALSE,FALSE,FALSE,2,0.138966127901746,"HF",0.107884,"ShortSleep",1,2,1,TRUE,NA
"rs7241626","C","T","C","T",0.354866309344795,-0.171093358072314,0.0338432,0.0350589001361511,FALSE,FALSE,FALSE,2,0.102133479054207,"HF",0.0796217,"ShortSleep",1,2,1,TRUE,NA
"rs72776898","A","G","A","G",-0.267926505086432,-0.0395494428026434,0.0896331,0.0875332938739272,FALSE,FALSE,FALSE,2,0.0623747190388745,"HF",0.0601937,"ShortSleep",1,2,1,TRUE,NA
"rs78213764","T","G","T","G",0.406104903395504,-0.0593480373408403,0.0316139,0.0322358686001776,FALSE,FALSE,FALSE,2,0.0997717813581528,"HF",0.0815399,"ShortSleep",1,2,1,TRUE,NA
"rs78440839","G","T","G","T",0.583181633558071,-0.0703747936953328,0.0151506,0.0141472438031816,FALSE,FALSE,FALSE,2,0.152486087953892,"HF",0.122924,"ShortSleep",1,2,1,TRUE,NA
"rs824446","A","G","A","G",0.153098698117051,-0.057204989747884,0.521318,0.528278015359801,FALSE,FALSE,FALSE,2,0.0348249655814151,"HF",0.0321989,"ShortSleep",1,2,1,TRUE,NA
