"SNP","effect_allele.exposure","other_allele.exposure","effect_allele.outcome","other_allele.outcome","beta.exposure","beta.outcome","eaf.exposure","eaf.outcome","remove","palindromic","ambiguous","id.outcome","se.outcome","outcome","se.exposure","exposure","id.exposure","action","SNP_index","mr_keep","samplesize.outcome"
"rs11058004","A","G","A","G",-0.117742411481556,0.0119498857235811,0.352441,0.372872324679554,FALSE,FALSE,FALSE,2,0.0289681337921027,"T2DM",0.0265624,"Sleepiness",1,2,1,TRUE,NA
"rs117134599","T","G","T","G",0.347814808606414,0.156084827616058,0.0261767,0.0248360789189349,FALSE,FALSE,FALSE,2,0.0842538397903671,"T2DM",0.074731,"Sleepiness",1,2,1,TRUE,NA
"rs13013628","C","T","C","T",0.166708640388778,-0.0380015662554062,0.12503,0.131135836258702,FALSE,FALSE,FALSE,2,0.0422005203612879,"T2DM",0.0373754,"Sleepiness",1,2,1,TRUE,NA
"rs13401678","T","A","T","A",0.148195842064579,-0.0228348349892652,0.179245,0.182566349413106,FALSE,TRUE,FALSE,2,0.0363267015229389,"T2DM",0.0326571,"Sleepiness",1,2,1,TRUE,NA
"rs62139969","A","G","A","G",0.455600398934992,-0.0136714665059085,0.0163186,0.0183406113537118,FALSE,FALSE,FALSE,2,0.105168295778592,"T2DM",0.100938,"Sleepiness",1,2,1,TRUE,NA
"rs62460510","C","T","C","T",0.212341417780123,0.0403004977166013,0.0731719,0.0710562556455554,FALSE,FALSE,FALSE,2,0.053714607364953,"T2DM",0.0469628,"Sleepiness",1,2,1,TRUE,NA
"rs72727875","A","T","A","T",0.176487907434603,-0.0708930138057079,0.118078,0.118386380458919,FALSE,TRUE,FALSE,2,0.04440042847019,"T2DM",0.039475,"Sleepiness",1,2,1,TRUE,NA
"rs7434941","A","G","A","G",0.147151960109606,-0.0187612671909517,0.243496,0.242084696339496,FALSE,FALSE,FALSE,2,0.0327956405669585,"T2DM",0.0316807,"Sleepiness",1,2,1,TRUE,NA
"rs76636859","T","C","T","C",-0.237342632839088,0.0425057461833906,0.0713587,0.0768405316598088,FALSE,FALSE,FALSE,2,0.0517389389928336,"T2DM",0.0493712,"Sleepiness",1,2,1,TRUE,NA
"rs9919172","G","A","G","A",-0.193782584174719,-0.0475422046217151,0.104919,0.116791994789508,FALSE,FALSE,FALSE,2,0.044283918553811,"T2DM",0.042119,"Sleepiness",1,2,1,TRUE,NA
