"SNP","exposure","outcome","effect_allele.exposure","other_allele.exposure","effect_allele.outcome","other_allele.outcome","eaf.exposure","eaf.outcome","beta.exposure","se.exposure","beta.outcome","se.outcome","raw_Fstat","APM_Fstat"
"rs10085952","OSA","AF","C","T","C","T",0.234357,0.221600993965211,-0.138658801059341,0.030806,-0.0444164860627739,0.0327121734467658,20.2592917731068,19.431576522267
"rs1025462","OSA","AF","A","G","A","G",0.0849035,0.0848642172523962,-0.212426187973014,0.047335,0.0259830745435211,0.0474630113353593,20.1396235499794,19.2903884495234
"rs1175989","OSA","AF","A","C","A","C",0.432251,0.431230671342537,0.116698002776607,0.0258891,0.0315830516377347,0.0267248745739421,20.3185607008597,19.485970294428
"rs11805515","OSA","AF","C","T","C","T",0.0476041,0.0488026742001804,0.272961758295071,0.0551203,-0.0577509890667054,0.0634459702698464,24.5233879649319,23.6922412928632
"rs147156372","OSA","AF","A","G","A","G",0.0138489,0.0151248446837465,0.495994179638098,0.104122,0.150406168594562,0.103665544808035,22.6917587297713,21.881403555999
"rs148993979","OSA","AF","A","G","A","G",0.0209991,0.0223655405005621,0.370024441568145,0.0834875,-0.150806534267989,0.0961348748882951,19.6434565605218,18.8306325162078
"rs1532248","OSA","AF","T","G","T","G",0.416316,0.416094725320238,-0.115757713007623,0.0257872,0.00618918663941421,0.0271518682712949,20.1507631682465,19.3420358345437
"rs2191940","OSA","AF","G","A","G","A",0.091956,0.0961401899576886,-0.204646923523069,0.0462234,-0.00848731640889853,0.0455749275034907,19.6013808085473,18.7535390607771
"rs2636751","OSA","AF","C","T","C","T",0.400794,0.406817643926395,-0.114489839185317,0.0258072,0.00566257525497199,0.027201388906337,19.6812245175655,18.8685453269857
"rs6127533","OSA","AF","T","C","T","C",0.0829823,0.0776433026433026,-0.226791446801817,0.0505844,0.00948077346799111,0.0458904253591465,20.1011144847261,19.2473384529325
"rs79733973","OSA","AF","A","G","A","G",0.0599419,0.0556525211886343,0.23572013351865,0.050864,0.0877424154430994,0.0564688131882809,21.476936629587,20.6470823925803
"rs9301102","OSA","AF","T","C","T","C",0.30268,0.38673315769665,0.135893600413542,0.0294808,0.0226219741125605,0.0380984822232653,21.2480696509827,20.4168600425923
