"SNP","beta_outcome","se_outcome","beta_exp1","beta_exp2","se_exp1","se_exp2","exp1","exp2","outcome","cond_F_stat_exp1","cond_F_stat_exp2"
"rs112324736",0.0418362122734206,0.0340990759456052,-0.0173,0.0456617293510696,0.0033,0.010288097411991,"BMI","Insomnia","AF",7.58274247931579,6.51605415118213
"rs117127404",0.115764389667264,0.102128806533518,0.0051,-0.502099815459352,0.01,0.112969064143432,"BMI","Insomnia","AF",7.58274247931579,6.51605415118213
"rs11789898",-0.0340005609259809,0.0349578033776473,-0.0092,0.046667971924256,0.0031,0.00987785624720514,"BMI","Insomnia","AF",7.58274247931579,6.51605415118213
"rs11951138",0.132991109939238,0.0557304353986072,6e-04,-0.0815611273095966,0.0053,0.0182385913999007,"BMI","Insomnia","AF",7.58274247931579,6.51605415118213
"rs12553270",0.0565330033743509,0.056370192399866,5e-04,0.234849200676037,0.0048,0.0456392398054819,"BMI","Insomnia","AF",7.58274247931579,6.51605415118213
"rs150081707",0.0751727765134795,0.072654888956651,-0.0094,0.258614411194193,0.0069,0.0577052937524772,"BMI","Insomnia","AF",7.58274247931579,6.51605415118213
"rs28573814",0.0187001959404117,0.0274031266365828,-0.015,0.112082773512661,0.0025,0.0242174729030352,"BMI","Insomnia","AF",7.58274247931579,6.51605415118213
"rs76725568",0.0569183356866737,0.0490288327045424,2e-04,0.205418419781492,0.0049,0.0459458575112825,"BMI","Insomnia","AF",7.58274247931579,6.51605415118213
