"SNP","beta_outcome","se_outcome","beta_exp1","beta_exp2","se_exp1","se_exp2","exp1","exp2","outcome","cond_F_stat_exp1","cond_F_stat_exp2"
"rs111483542",-0.0335609138507178,0.113230918617848,-0.0082,0.500229684552587,0.0107,0.1055,"BMI","ShortSleep","CKD",1.77558353385685,5.72831411506369
"rs16822697",0.0446803228531198,0.0460590597322008,-0.0014,-0.275974869960196,0.0037,0.0563548,"BMI","ShortSleep","CKD",1.77558353385685,5.72831411506369
"rs55654912",-0.0827133147141295,0.12610396721144,-0.015,0.507793030098564,0.0103,0.107884,"BMI","ShortSleep","CKD",1.77558353385685,5.72831411506369
"rs7241626",-0.106208769089526,0.08890773013526,0.0099,0.354866309344795,0.0058,0.0796217,"BMI","ShortSleep","CKD",1.77558353385685,5.72831411506369
"rs72776898",-0.017538506149874,0.0559361545153396,-0.005,-0.267926505086432,0.0046,0.0601937,"BMI","ShortSleep","CKD",1.77558353385685,5.72831411506369
"rs78213764",0.119009562323161,0.0840565464762012,0,0.406104903395504,0.0069,0.0815399,"BMI","ShortSleep","CKD",1.77558353385685,5.72831411506369
"rs78440839",0.0296231062916901,0.132635904567704,-0.0201,0.583181633558071,0.0118,0.122924,"BMI","ShortSleep","CKD",1.77558353385685,5.72831411506369
"rs824446",-0.00253184716341631,0.031495133782952,-0.0012,0.153098698117051,0.0023,0.0321989,"BMI","ShortSleep","CKD",1.77558353385685,5.72831411506369
