"SNP","exposure","outcome","effect_allele.exposure","other_allele.exposure","effect_allele.outcome","other_allele.outcome","eaf.exposure","eaf.outcome","beta.exposure","se.exposure","beta.outcome","se.outcome","raw_Fstat","APM_Fstat"
"rs11004745","Sleepiness","CKD","C","T","C","T",0.246937,0.259165248279435,0.132343186987713,0.0295542,-0.0307031085420674,0.0361108914622861,20.0523262358084,19.2833916876739
"rs117134599","Sleepiness","CKD","T","G","T","G",0.0262883,0.0248401704848162,0.355756522318681,0.0759337,0.00230373971735408,0.101982724117148,21.9501057951147,21.1748147407978
"rs11903853","Sleepiness","CKD","C","T","C","T",0.133125,0.1417444098919,0.167503983443531,0.0373451,0.0013593215892522,0.0448977782572783,20.1179176305829,19.3324758581404
"rs12065179","Sleepiness","CKD","C","G","C","G",0.0974634,0.108352695683059,-0.19791815384964,0.0441659,-0.0635453885253973,0.0518403512775473,20.0815436214371,19.2837094868569
"rs12292717","Sleepiness","CKD","C","T","C","T",0.0755928,0.079984309546013,-0.218570274703504,0.0488918,0.0789151413172103,0.056344845990205,19.9852756687329,19.1874381473098
"rs13401678","Sleepiness","CKD","T","A","T","A",0.178788,0.182542031730997,0.15251505721129,0.0331991,-0.00107395499864538,0.0405488676575809,21.1043909288997,20.322826049442
"rs1456040","Sleepiness","CKD","T","C","T","C",0.105871,0.106421393793195,0.180720275426981,0.0408954,0.0640813875678178,0.0498582981427695,19.5283180114215,18.7902576773146
"rs200171962","Sleepiness","CKD","C","G","C","G",0.130993,0.171440798858773,0.178347002038543,0.039867,0.064302508626733,0.0475333422918885,20.0126460540344,19.259915975152
"rs6048097","Sleepiness","CKD","A","T","A","T",0.248879,0.259095618709295,-0.140954302954584,0.030392,-0.0480986763102554,0.0362852249981512,21.5098863329859,20.7160725329585
"rs62460510","Sleepiness","CKD","C","T","C","T",0.0726653,0.0710023689665383,0.216449194021483,0.0479116,0.0245519077350382,0.0607463762172403,20.4094169173889,19.6219303458172
"rs7434941","Sleepiness","CKD","A","G","A","G",0.243582,0.2421782500592,0.153210237750202,0.0321778,-0.0210328405320022,0.0368939489699972,22.6705928317368,21.8745453167086
"rs76636859","Sleepiness","CKD","T","C","T","C",0.0714405,0.0768524958932086,-0.232167898522594,0.0500009,-0.0444198187775679,0.0597921948062412,21.5599970748788,20.7774055067905
