"SNP","effect_allele.exposure","other_allele.exposure","effect_allele.outcome","other_allele.outcome","beta.exposure","beta.outcome","eaf.exposure","eaf.outcome","remove","palindromic","ambiguous","id.outcome","se.outcome","outcome","se.exposure","exposure","id.exposure","action","SNP_index","mr_keep","samplesize.outcome"
"rs111483542","A","G","A","G",0.515132336550815,0.00421921853656205,0.0186623,0.0197848636189013,FALSE,FALSE,FALSE,2,0.0445675931901645,"HTN",0.106023,"ShortSleep",1,2,1,TRUE,NA
"rs147731842","G","C","G","C",-0.353065750633974,-0.00128751659644678,0.0570066,0.0540061189198776,FALSE,TRUE,FALSE,2,0.0275313832644757,"HTN",0.0790661,"ShortSleep",1,2,1,TRUE,NA
"rs16822697","A","C","A","C",-0.273196825371171,0.00626902680771661,0.119789,0.127665390924002,FALSE,FALSE,FALSE,2,0.0185332417767203,"HTN",0.0566705,"ShortSleep",1,2,1,TRUE,NA
"rs182626019","T","A","T","A",0.47354111495872,0.0458048879797136,0.0236907,0.0271871629308944,FALSE,TRUE,FALSE,2,0.0377840360654086,"HTN",0.100448,"ShortSleep",1,2,1,TRUE,NA
"rs55654912","C","T","C","T",0.490351451033641,-0.0366997329859425,0.0202258,0.0168925918252582,FALSE,FALSE,FALSE,2,0.0484659652860189,"HTN",0.108462,"ShortSleep",1,2,1,TRUE,NA
"rs7241626","C","T","C","T",0.354480537990197,-0.00800835881547598,0.0339707,0.0350967932614157,FALSE,FALSE,FALSE,2,0.0338033993253422,"HTN",0.0799647,"ShortSleep",1,2,1,TRUE,NA
"rs78213764","T","G","T","G",0.402674551457536,-0.00362390074420296,0.0316767,0.032203965838234,FALSE,FALSE,FALSE,2,0.0349846444415096,"HTN",0.082147,"ShortSleep",1,2,1,TRUE,NA
"rs78440839","G","T","G","T",0.570691369473482,0.0412080510827378,0.0152343,0.0141267566089873,FALSE,FALSE,FALSE,2,0.052543055377905,"HTN",0.123914,"ShortSleep",1,2,1,TRUE,NA
"rs8045541","A","C","A","C",0.251707684278962,-0.0461368867450778,0.0761298,0.0796282341120322,FALSE,FALSE,FALSE,2,0.0231798816919452,"HTN",0.0560818,"ShortSleep",1,2,1,TRUE,NA
"rs824446","A","G","A","G",0.14660801963609,0.00807853414082385,0.522133,0.528318335623624,FALSE,FALSE,FALSE,2,0.0124553288920216,"HTN",0.0323741,"ShortSleep",1,2,1,TRUE,NA
