"SNP","exposure","outcome","effect_allele.exposure","other_allele.exposure","effect_allele.outcome","other_allele.outcome","eaf.exposure","eaf.outcome","beta.exposure","se.exposure","beta.outcome","se.outcome","raw_Fstat","APM_Fstat"
"rs111483542","ShortSleep","HTN","A","G","A","G",0.0186623,0.0197848636189013,0.515132336550815,0.106023,0.00421921853656205,0.0445675931901645,23.6068178024823,22.8581466195768
"rs147731842","ShortSleep","HTN","G","C","G","C",0.0570066,0.0540061189198776,-0.353065750633974,0.0790661,-0.00128751659644678,0.0275313832644757,19.9402475869018,19.1483799507633
"rs16822697","ShortSleep","HTN","A","C","A","C",0.119789,0.127665390924002,-0.273196825371171,0.0566705,0.00626902680771661,0.0185332417767203,23.2400580219935,22.4842094052529
"rs182626019","ShortSleep","HTN","T","A","T","A",0.0236907,0.0271871629308944,0.47354111495872,0.100448,0.0458048879797136,0.0377840360654086,22.2245408145128,21.4889810830801
"rs55654912","ShortSleep","HTN","C","T","C","T",0.0202258,0.0168925918252582,0.490351451033641,0.108462,-0.0366997329859425,0.0484659652860189,20.4390032523685,19.7267606257761
"rs7241626","ShortSleep","HTN","C","T","C","T",0.0339707,0.0350967932614157,0.354480537990197,0.0799647,-0.00800835881547598,0.0338033993253422,19.6511589175426,18.8952440068341
"rs78213764","ShortSleep","HTN","T","G","T","G",0.0316767,0.032203965838234,0.402674551457536,0.082147,-0.00362390074420296,0.0349846444415096,24.0284054673864,23.2841763820409
"rs78440839","ShortSleep","HTN","G","T","G","T",0.0152343,0.0141267566089873,0.570691369473482,0.123914,0.0412080510827378,0.052543055377905,21.2110348117306,20.4857772255505
"rs8045541","ShortSleep","HTN","A","C","A","C",0.0761298,0.0796282341120322,0.251707684278962,0.0560818,-0.0461368867450778,0.0231798816919452,20.144155243311,19.4500744694449
"rs824446","ShortSleep","HTN","A","G","A","G",0.522133,0.528318335623624,0.14660801963609,0.0323741,0.00807853414082385,0.0124553288920216,20.507845976993,19.7191278475583
