"SNP","exposure","outcome","effect_allele.exposure","other_allele.exposure","effect_allele.outcome","other_allele.outcome","eaf.exposure","eaf.outcome","beta.exposure","se.exposure","beta.outcome","se.outcome","raw_Fstat","APM_Fstat"
"rs111483542","ShortSleep","CKD","A","G","A","G",0.018655,0.0197569963445857,0.500229684552587,0.1055,-0.0335609138507178,0.113230918617848,22.4819511967459,21.7333692543929
"rs12742385","ShortSleep","CKD","G","A","G","A",0.16342,0.173689429594767,-0.0617903009564515,0.0445611,-0.0673969953432818,0.0423624418260677,1.9227765421546,21.8877963244299
"rs16822697","ShortSleep","CKD","A","C","A","C",0.120164,0.12771216292218,-0.275974869960196,0.0563548,0.0446803228531198,0.0460590597322008,23.9815499804302,23.2144952339625
"rs17668087","ShortSleep","CKD","G","C","G","C",0.119842,0.115246862420081,0.0676399567103398,0.0476392,0.0195076223923484,0.0489454060112351,2.01594055786591,22.8923027112747
"rs182626019","ShortSleep","CKD","T","A","T","A",0.0237495,0.0272154146687977,0.458980598255444,0.100025,-0.0447396284632387,0.0976353751651195,21.0557897466323,20.319631779895
"rs448086","ShortSleep","CKD","G","A","G","A",0.353619,0.351778948614729,-0.0502275467089371,0.0331232,0.0551461681416108,0.0326823061937172,2.29942558115668,20.5031498336301
"rs55654912","ShortSleep","CKD","C","T","C","T",0.0201158,0.0168823276564839,0.507793030098564,0.107884,-0.0827133147141295,0.12610396721144,22.1543692716013,21.4399835903975
"rs61766953","ShortSleep","CKD","C","G","C","G",0.0475824,0.0578266532472915,-0.117096896103973,0.0827505,-0.0404261941038741,0.0681596370660162,2.00239389981308,20.3405477908009
"rs62436669","ShortSleep","CKD","A","G","A","G",0.179945,0.19077428520689,-0.0686536433170481,0.0415572,-0.0658982418266143,0.0407595053062465,2.72919534527087,21.0595182180996
"rs78213764","ShortSleep","CKD","T","G","T","G",0.0316139,0.0322327625756612,0.406104903395504,0.0815399,0.119009562323161,0.0840565464762012,24.8048221537138,24.0611305093796
"rs78440839","ShortSleep","CKD","G","T","G","T",0.0151506,0.0141417280880916,0.583181633558071,0.122924,0.0296231062916901,0.132635904567704,22.5078653423538,21.7835226692962
"rs824446","ShortSleep","CKD","A","G","A","G",0.521318,0.528318780523901,0.153098698117051,0.0321989,-0.00253184716341631,0.031495133782952,22.6079365032236,21.814250178608
