"SNP","effect_allele.exposure","other_allele.exposure","effect_allele.outcome","other_allele.outcome","beta.exposure","beta.outcome","eaf.exposure","eaf.outcome","remove","palindromic","ambiguous","id.outcome","se.outcome","outcome","se.exposure","exposure","id.exposure","action","SNP_index","mr_keep","samplesize.outcome"
"rs112324736","G","A","G","A",0.0439977464776452,0.00540731834988489,0.184698,0.18568318796369,FALSE,FALSE,FALSE,2,0.045720155197269,"CAD",0.031276,"Insomnia",1,2,1,TRUE,NA
"rs117127404","T","C","T","C",-0.523563068348089,0.0608626973076987,0.0155672,0.0156723814031922,FALSE,FALSE,FALSE,2,0.142026564024571,"CAD",0.115427,"Insomnia",1,2,1,TRUE,NA
"rs11789898","T","G","T","G",0.0466450078230438,0.0181099356393955,0.177533,0.18260509299676,FALSE,FALSE,FALSE,2,0.0456929622063705,"CAD",0.0305657,"Insomnia",1,2,1,TRUE,NA
"rs11951138","G","A","G","A",-0.0798953018716389,0.11960526021897,0.050806,0.0554947412020532,FALSE,FALSE,FALSE,2,0.0734373172307334,"CAD",0.0559484,"Insomnia",1,2,1,TRUE,NA
"rs12553270","C","T","C","T",0.242569637139312,-0.0253215740695649,0.0582212,0.0580402716337974,FALSE,FALSE,FALSE,2,0.0770477681997862,"CAD",0.0465059,"Insomnia",1,2,1,TRUE,NA
"rs150081707","A","G","A","G",0.26842279751297,0.126232193072786,0.035717,0.0336824354309044,FALSE,FALSE,FALSE,2,0.0955468617954393,"CAD",0.0588301,"Insomnia",1,2,1,TRUE,NA
"rs28573814","A","G","A","G",0.116982715485614,-0.111195024038201,0.39154,0.397263313609467,FALSE,FALSE,FALSE,2,0.0370422446660677,"CAD",0.0248692,"Insomnia",1,2,1,TRUE,NA
"rs76725568","C","G","C","G",0.213925192504131,0.0879374391172645,0.0712185,0.0770129735646977,FALSE,TRUE,FALSE,2,0.0645892698815053,"CAD",0.0469983,"Insomnia",1,2,1,TRUE,NA
"rs78182614","T","C","T","C",0.132229295263576,0.114589350300836,0.36344,0.545421338500143,FALSE,FALSE,FALSE,2,0.0849150370231478,"CAD",0.026397,"Insomnia",1,2,1,TRUE,NA
