"SNP","exposure","outcome","effect_allele.exposure","other_allele.exposure","effect_allele.outcome","other_allele.outcome","eaf.exposure","eaf.outcome","beta.exposure","se.exposure","beta.outcome","se.outcome","raw_Fstat","APM_Fstat"
"rs117127404","Insomnia","CAD","T","C","T","C",0.0155672,0.0156723814031922,-0.523563068348089,0.115427,0.0608626973076987,0.142026564024571,20.5742111144933,19.7542734632832
"rs12553270","Insomnia","CAD","C","T","C","T",0.0582212,0.0580402716337974,0.242569637139312,0.0465059,-0.0253215740695649,0.0770477681997862,27.2055036443631,26.4789871513324
"rs1475549","Insomnia","CAD","T","G","T","G",0.0586521,0.0612601150938651,-0.249663363467434,0.0561647,-0.0461358222461723,0.0760221066964488,19.7598092177154,18.9724665039321
"rs150081707","Insomnia","CAD","A","G","A","G",0.035717,0.0336824354309044,0.26842279751297,0.0588301,0.126232193072786,0.0955468617954393,20.8180296793604,20.0851061765298
"rs28573814","Insomnia","CAD","A","G","A","G",0.39154,0.397263313609467,0.116982715485614,0.0248692,-0.111195024038201,0.0370422446660677,22.1268589107214,21.4200309144578
"rs56256111","Insomnia","CAD","A","G","A","G",0.139098,0.14306001390512,0.153553358609311,0.0344867,-0.0387671074680881,0.052304207589365,19.8250988671022,19.0873934220722
"rs5771648","Insomnia","CAD","T","C","T","C",0.386769,0.397930503986627,-0.110874579090541,0.0250637,-0.0379944861031748,0.0367591562861522,19.5692238475302,18.8322836378642
"rs60365505","Insomnia","CAD","G","T","G","T",0.0572297,0.0617187153276033,0.213949414474266,0.0483258,0.00463240931514868,0.0736411864918835,19.6003623471427,18.9289091232928
"rs73313142","Insomnia","CAD","A","G","A","G",0.0565757,0.0639294061954496,0.218661522010342,0.0492748,-0.0391850215032893,0.0736241091154307,19.6922342370371,18.9674543171139
"rs76725568","Insomnia","CAD","C","G","C","G",0.0712185,0.0770129735646977,0.213925192504131,0.0469983,0.0879374391172645,0.0645892698815053,20.7185598704935,19.9887688212579
"rs78182614","Insomnia","CAD","T","C","T","C",0.36344,0.545421338500143,0.132229295263576,0.026397,0.114589350300836,0.0849150370231478,25.0926322500813,24.3362488041416
"rs9784526","Insomnia","CAD","G","A","G","A",0.206092,0.208455996567895,0.124895460071316,0.0282546,0.0134496521432077,0.0438907150682356,19.5395688921775,18.785782270575
