"SNP","effect_allele.exposure","other_allele.exposure","effect_allele.outcome","other_allele.outcome","beta.exposure","beta.outcome","eaf.exposure","eaf.outcome","remove","palindromic","ambiguous","id.outcome","se.outcome","outcome","se.exposure","exposure","id.exposure","action","SNP_index","mr_keep","samplesize.outcome"
"rs111483542","A","G","A","G",0.515132336550815,-0.0235422250646844,0.0186623,0.0197569963445857,FALSE,FALSE,FALSE,2,0.113472856019203,"CKD",0.106023,"ShortSleep",1,2,1,TRUE,NA
"rs147731842","G","C","G","C",-0.353065750633974,-0.0308214035782184,0.0570066,0.0540546541923259,FALSE,TRUE,FALSE,2,0.0709541176355644,"CKD",0.0790661,"ShortSleep",1,2,1,TRUE,NA
"rs16822697","A","C","A","C",-0.273196825371171,0.0441339929570462,0.119789,0.12771216292218,FALSE,FALSE,FALSE,2,0.0461502744686365,"CKD",0.0566705,"ShortSleep",1,2,1,TRUE,NA
"rs182626019","T","A","T","A",0.47354111495872,-0.0467989216385521,0.0236907,0.0272154146687977,FALSE,TRUE,FALSE,2,0.0979426954384669,"CKD",0.100448,"ShortSleep",1,2,1,TRUE,NA
"rs55654912","C","T","C","T",0.490351451033641,-0.0706790280668008,0.0202258,0.0168823276564839,FALSE,FALSE,FALSE,2,0.126394736142763,"CKD",0.108462,"ShortSleep",1,2,1,TRUE,NA
"rs7241626","C","T","C","T",0.354480537990197,-0.108784914567985,0.0339707,0.0350413687965306,FALSE,FALSE,FALSE,2,0.0891271877054259,"CKD",0.0799647,"ShortSleep",1,2,1,TRUE,NA
"rs78213764","T","G","T","G",0.402674551457536,0.12247627764782,0.0316767,0.0322327625756612,FALSE,FALSE,FALSE,2,0.0842948336303147,"CKD",0.082147,"ShortSleep",1,2,1,TRUE,NA
"rs78440839","G","T","G","T",0.570691369473482,0.02967334675062,0.0152343,0.0141417280880916,FALSE,FALSE,FALSE,2,0.132879185164911,"CKD",0.123914,"ShortSleep",1,2,1,TRUE,NA
"rs8045541","A","C","A","C",0.251707684278962,-0.217015202161175,0.0761298,0.0796507325736274,FALSE,FALSE,FALSE,2,0.0634648015915691,"CKD",0.0560818,"ShortSleep",1,2,1,TRUE,NA
"rs824446","A","G","A","G",0.14660801963609,-0.00118081514662496,0.522133,0.528318780523901,FALSE,FALSE,FALSE,2,0.0315758388883905,"CKD",0.0323741,"ShortSleep",1,2,1,TRUE,NA
