"SNP","effect_allele.exposure","other_allele.exposure","effect_allele.outcome","other_allele.outcome","beta.exposure","beta.outcome","eaf.exposure","eaf.outcome","remove","palindromic","ambiguous","id.outcome","se.outcome","outcome","se.exposure","exposure","id.exposure","action","SNP_index","mr_keep","samplesize.outcome"
"rs11058004","A","G","A","G",-0.117742411481556,0.0338142950292589,0.352441,0.372851394929144,FALSE,FALSE,FALSE,2,0.0368463141487266,"CAD",0.0265624,"Sleepiness",1,2,1,TRUE,NA
"rs117134599","T","G","T","G",0.347814808606414,0.0875797544171417,0.0261767,0.0248509681523009,FALSE,FALSE,FALSE,2,0.113311302723529,"CAD",0.074731,"Sleepiness",1,2,1,TRUE,NA
"rs13013628","C","T","C","T",0.166708640388778,-0.0179555182336418,0.12503,0.131132187667241,FALSE,FALSE,FALSE,2,0.052855315797036,"CAD",0.0373754,"Sleepiness",1,2,1,TRUE,NA
"rs13401678","T","A","T","A",0.148195842064579,-0.0112759024760668,0.179245,0.182576665335286,FALSE,TRUE,FALSE,2,0.0461643241346944,"CAD",0.0326571,"Sleepiness",1,2,1,TRUE,NA
"rs62139969","A","G","A","G",0.455600398934992,0.152509466164572,0.0163186,0.0183223611213847,FALSE,FALSE,FALSE,2,0.12601090504493,"CAD",0.100938,"Sleepiness",1,2,1,TRUE,NA
"rs62460510","C","T","C","T",0.212341417780123,0.028774029920501,0.0731719,0.0710289917272203,FALSE,FALSE,FALSE,2,0.0692534689313326,"CAD",0.0469628,"Sleepiness",1,2,1,TRUE,NA
"rs72727875","A","T","A","T",0.176487907434603,0.0299978555237484,0.118078,0.118382896878236,FALSE,TRUE,FALSE,2,0.0545614957356703,"CAD",0.039475,"Sleepiness",1,2,1,TRUE,NA
"rs7434941","A","G","A","G",0.147151960109606,-0.00193591994065012,0.243496,0.242089380020414,FALSE,FALSE,FALSE,2,0.041739534548689,"CAD",0.0316807,"Sleepiness",1,2,1,TRUE,NA
"rs76636859","T","C","T","C",-0.237342632839088,0.00396489790748874,0.0713587,0.0768098576965179,FALSE,FALSE,FALSE,2,0.0659977359846852,"CAD",0.0493712,"Sleepiness",1,2,1,TRUE,NA
"rs9919172","G","A","G","A",-0.193782584174719,-0.00749616398063297,0.104919,0.116796851884727,FALSE,FALSE,FALSE,2,0.0558395505689934,"CAD",0.042119,"Sleepiness",1,2,1,TRUE,NA
