"SNP","effect_allele.exposure","other_allele.exposure","effect_allele.outcome","other_allele.outcome","beta.exposure","beta.outcome","eaf.exposure","eaf.outcome","remove","palindromic","ambiguous","id.outcome","se.outcome","outcome","se.exposure","exposure","id.exposure","action","SNP_index","mr_keep","samplesize.outcome"
"rs11646817","A","G","A","G",0.0479135896139988,0.015286876489655,0.177294,0.180894820163044,FALSE,FALSE,FALSE,2,0.0461954019872624,"CAD",0.030472,"Insomnia",1,2,1,TRUE,NA
"rs117286058","G","A","G","A",-0.523041602595644,0.0306502701296392,0.0157571,0.0156095107047213,FALSE,FALSE,FALSE,2,0.145090560862021,"CAD",0.114223,"Insomnia",1,2,1,TRUE,NA
"rs11789898","T","G","T","G",0.0463109028632504,0.0217642033306945,0.177465,0.18260509299676,FALSE,FALSE,FALSE,2,0.0457187637285275,"CAD",0.0306361,"Insomnia",1,2,1,TRUE,NA
"rs12553270","C","T","C","T",0.232245998062745,-0.0236281722123296,0.0585398,0.0580402716337974,FALSE,FALSE,FALSE,2,0.077132005844983,"CAD",0.0466223,"Insomnia",1,2,1,TRUE,NA
"rs1475549","T","G","T","G",-0.25483934780231,-0.0483965537347636,0.058666,0.0612601150938651,FALSE,FALSE,FALSE,2,0.076072510966739,"CAD",0.0563339,"Insomnia",1,2,1,TRUE,NA
"rs150081707","A","G","A","G",0.27443724570168,0.128804161350842,0.0356968,0.0336824354309044,FALSE,FALSE,FALSE,2,0.0956894244281035,"CAD",0.0589772,"Insomnia",1,2,1,TRUE,NA
"rs28573814","A","G","A","G",0.118485011435946,-0.10797995098145,0.391508,0.397263313609467,FALSE,FALSE,FALSE,2,0.0370871803890201,"CAD",0.0249314,"Insomnia",1,2,1,TRUE,NA
"rs4921425","A","G","A","G",0.218155129802784,-0.0212682554901874,0.0578649,0.0632766272189349,FALSE,FALSE,FALSE,2,0.0733911869822852,"CAD",0.0484463,"Insomnia",1,2,1,TRUE,NA
"rs76585741","T","A","T","A",0.0909917780057293,-0.01047444675695,0.0424392,0.0384879358203947,FALSE,TRUE,FALSE,2,0.0961362550339751,"CAD",0.0606006,"Insomnia",1,2,1,TRUE,NA
"rs78182614","T","C","T","C",0.136242713669427,0.120147072281739,0.363058,0.545421338500143,FALSE,FALSE,FALSE,2,0.0852891701650804,"CAD",0.0264562,"Insomnia",1,2,1,TRUE,NA
