"SNP","exposure","outcome","effect_allele.exposure","other_allele.exposure","effect_allele.outcome","other_allele.outcome","eaf.exposure","eaf.outcome","beta.exposure","se.exposure","beta.outcome","se.outcome","raw_Fstat","APM_Fstat"
"rs10882840","Insomnia","CAD","C","T","C","T",0.0597249,0.0638924228527471,-0.250162805938257,0.0565622,-0.0355105746533014,0.0741027327246646,19.5610828629311,18.7734437814164
"rs117127404","Insomnia","CAD","T","C","T","C",0.0155239,0.0156723814031922,-0.520182597357068,0.11554,0.0687568287721273,0.142284669864833,20.2696808763223,19.4505640444158
"rs12553270","Insomnia","CAD","C","T","C","T",0.0585398,0.0580402716337974,0.232245998062745,0.0466223,-0.0236281722123296,0.077132005844983,24.8147034339497,24.0926781731843
"rs138609400","Insomnia","CAD","T","C","T","C",0.137371,0.142773668639053,0.152171579843071,0.0342458,-0.0455683419049274,0.0520235617469009,19.7447876298486,19.0371227745135
"rs150081707","Insomnia","CAD","A","G","A","G",0.0356968,0.0336824354309044,0.27443724570168,0.0589772,0.128804161350842,0.0956894244281035,21.6529864311779,20.919180550319
"rs28573814","Insomnia","CAD","A","G","A","G",0.391508,0.397263313609467,0.118485011435946,0.0249314,-0.10797995098145,0.0370871803890201,22.5856969409558,21.871813353594
"rs35281978","Insomnia","CAD","A","G","A","G",0.314383,0.322776290291564,0.112337122442418,0.0252171,-0.0447851599273543,0.0386435531857772,19.8452378683112,19.1001371671435
"rs56256111","Insomnia","CAD","A","G","A","G",0.139186,0.14306001390512,0.154890406162258,0.0345551,-0.0375600391190131,0.052328516921651,20.0920721464262,19.3527327785094
"rs5771648","Insomnia","CAD","T","C","T","C",0.387078,0.397930503986627,-0.112408628688929,0.0251074,-0.0339425452173192,0.0368266673012069,20.0445271743819,19.3043598773032
"rs72938338","Insomnia","CAD","G","A","G","A",0.0810999,0.0764582316306454,0.182379888425965,0.0406417,0.00857899427353583,0.0671396611897723,20.1377135948809,19.4067352222198
"rs73313142","Insomnia","CAD","A","G","A","G",0.0566173,0.0639294061954496,0.220852929842829,0.0493582,-0.0359786380714798,0.0737325425126073,20.0210893204414,19.2991361650736
"rs76725568","Insomnia","CAD","C","G","C","G",0.0713887,0.0770129735646977,0.210131257433222,0.0471334,0.0907099582338762,0.0646326559452998,19.8757616790434,19.1464093008339
"rs78182614","Insomnia","CAD","T","C","T","C",0.363058,0.545421338500143,0.136242713669427,0.0264562,0.120147072281739,0.0852891701650804,26.5198852442961,25.762997707564
