"SNP","exposure","outcome","effect_allele.exposure","other_allele.exposure","effect_allele.outcome","other_allele.outcome","eaf.exposure","eaf.outcome","beta.exposure","se.exposure","beta.outcome","se.outcome","raw_Fstat","APM_Fstat"
"rs10085952","OSA","T2DM","C","T","C","T",0.234357,0.221640863207128,-0.138658801059341,0.030806,-0.0216705260888506,0.034436994230319,20.2592917731068,19.431576522267
"rs1025462","OSA","T2DM","A","G","A","G",0.0849035,0.0848405908646872,-0.212426187973014,0.047335,0.0335647257744725,0.0508026241526532,20.1396235499794,19.2903884495234
"rs1175989","OSA","T2DM","A","C","A","C",0.432251,0.431228252017473,0.116698002776607,0.0258891,-0.00354044091514413,0.0284462385624992,20.3185607008597,19.485970294428
"rs11805515","OSA","T2DM","C","T","C","T",0.0476041,0.0488285008066545,0.272961758295071,0.0551203,-0.06572059257849,0.0671570797786313,24.5233879649319,23.6922412928632
"rs147156372","OSA","T2DM","A","G","A","G",0.0138489,0.0151055389443145,0.495994179638098,0.104122,0.0142153250771071,0.117687180401674,22.6917587297713,21.881403555999
"rs148993979","OSA","T2DM","A","G","A","G",0.0209991,0.0223733680689186,0.370024441568145,0.0834875,0.0713698294403831,0.0929854976355976,19.6434565605218,18.8306325162078
"rs1532248","OSA","T2DM","T","G","T","G",0.416316,0.416052397868561,-0.115757713007623,0.0257872,-0.00820040962563172,0.0288905174023141,20.1507631682465,19.3420358345437
"rs2191940","OSA","T2DM","G","A","G","A",0.091956,0.0961020311482205,-0.204646923523069,0.0462234,-0.0233804862981748,0.0488921426102639,19.6013808085473,18.7535390607771
"rs2636751","OSA","T2DM","C","T","C","T",0.400794,0.40684300897007,-0.114489839185317,0.0258072,-0.0197035792323874,0.029033963203429,19.6812245175655,18.8685453269857
"rs6127533","OSA","T2DM","T","C","T","C",0.0829823,0.0776569186875892,-0.226791446801817,0.0505844,0.0147645217084465,0.0484542675813657,20.1011144847261,19.2473384529325
"rs79733973","OSA","T2DM","A","G","A","G",0.0599419,0.0556238066340048,0.23572013351865,0.050864,0.0554514027096556,0.0606548732870583,21.476936629587,20.6470823925803
"rs9301102","OSA","T2DM","T","C","T","C",0.30268,0.386662397830427,0.135893600413542,0.0294808,-0.0176754233417554,0.0400597267541637,21.2480696509827,20.4168600425923
