"SNP","beta_outcome","se_outcome","beta_exp1","beta_exp2","se_exp1","se_exp2","exp1","exp2","outcome","cond_F_stat_exp1","cond_F_stat_exp2"
"rs111483542",-0.00708601951129469,0.0432643360057954,-0.0082,0.500229684552587,0.0107,0.1055,"BMI","ShortSleep","HTN",1.77558353385685,5.72831411506369
"rs16822697",0.00491704718012628,0.0179937744554739,-0.0014,-0.275974869960196,0.0037,0.0563548,"BMI","ShortSleep","HTN",1.77558353385685,5.72831411506369
"rs55654912",-0.0442646884621212,0.047075162854045,-0.015,0.507793030098564,0.0103,0.107884,"BMI","ShortSleep","HTN",1.77558353385685,5.72831411506369
"rs7241626",-0.00110042115085871,0.0328670511985208,0.0099,0.354866309344795,0.0058,0.0796217,"BMI","ShortSleep","HTN",1.77558353385685,5.72831411506369
"rs72776898",-0.0384585806961211,0.0214482850148894,-0.005,-0.267926505086432,0.0046,0.0601937,"BMI","ShortSleep","HTN",1.77558353385685,5.72831411506369
"rs78213764",-0.00616288754933645,0.0339805088627797,0,0.406104903395504,0.0069,0.0815399,"BMI","ShortSleep","HTN",1.77558353385685,5.72831411506369
"rs78440839",0.0399096633530277,0.0510503773890084,-0.0201,0.583181633558071,0.0118,0.122924,"BMI","ShortSleep","HTN",1.77558353385685,5.72831411506369
"rs824446",0.00494813442409122,0.0120946987513667,-0.0012,0.153098698117051,0.0023,0.0321989,"BMI","ShortSleep","HTN",1.77558353385685,5.72831411506369
