"SNP","exposure","outcome","effect_allele.exposure","other_allele.exposure","effect_allele.outcome","other_allele.outcome","eaf.exposure","eaf.outcome","beta.exposure","se.exposure","beta.outcome","se.outcome","raw_Fstat","APM_Fstat"
"rs11004745","Sleepiness","HF","C","T","C","T",0.246937,0.259197324414716,0.132343186987713,0.0295542,-0.0430025730113944,0.040148151363933,20.0523262358084,19.2833916876739
"rs117134599","Sleepiness","HF","T","G","T","G",0.0262883,0.0248368624317486,0.355756522318681,0.0759337,0.00243437154395721,0.111669960885065,21.9501057951147,21.1748147407978
"rs11903853","Sleepiness","HF","C","T","C","T",0.133125,0.141740327810598,0.167503983443531,0.0373451,-0.0578685776592876,0.0510324121354234,20.1179176305829,19.3324758581404
"rs12065179","Sleepiness","HF","C","G","C","G",0.0974634,0.108353063036401,-0.19791815384964,0.0441659,-0.0622256041878042,0.0575750430004415,20.0815436214371,19.2837094868569
"rs12292717","Sleepiness","HF","C","T","C","T",0.0755928,0.079966255217121,-0.218570274703504,0.0488918,-0.0638162993102749,0.0659756441698521,19.9852756687329,19.1874381473098
"rs13401678","Sleepiness","HF","T","A","T","A",0.178788,0.182591710197256,0.15251505721129,0.0331991,0.0255780407379807,0.0446143574434553,21.1043909288997,20.322826049442
"rs1456040","Sleepiness","HF","T","C","T","C",0.105871,0.106459011541876,0.180720275426981,0.0408954,0.0661392943729685,0.0550412516743798,19.5283180114215,18.7902576773146
"rs200171962","Sleepiness","HF","C","G","C","G",0.130993,0.171383468370801,0.178347002038543,0.039867,-0.016293010602768,0.053978782481248,20.0126460540344,19.259915975152
"rs6048097","Sleepiness","HF","A","T","A","T",0.248879,0.259112906806376,-0.140954302954584,0.030392,0.0575370390969604,0.0393356519214249,21.5098863329859,20.7160725329585
"rs62460510","Sleepiness","HF","C","T","C","T",0.0726653,0.071059527158063,0.216449194021483,0.0479116,0.065251483977586,0.066323102510868,20.4094169173889,19.6219303458172
"rs7434941","Sleepiness","HF","A","G","A","G",0.243582,0.242049809846545,0.153210237750202,0.0321778,-0.0504071244842209,0.0412416243924831,22.6705928317368,21.8745453167086
"rs76636859","Sleepiness","HF","T","C","T","C",0.0714405,0.0768422610239716,-0.232167898522594,0.0500009,0.0225572839064563,0.0651133086807773,21.5599970748788,20.7774055067905
