"SNP","exposure","outcome","effect_allele.exposure","other_allele.exposure","effect_allele.outcome","other_allele.outcome","eaf.exposure","eaf.outcome","beta.exposure","se.exposure","beta.outcome","se.outcome","raw_Fstat","APM_Fstat"
"rs111920836","LongSleep","CKD","C","T","C","T",0.10177,0.109138704657733,0.4001577154502,0.085974,0.0432428996163885,0.0486676503997996,21.6634750744115,20.8867398960025
"rs116045290","LongSleep","CKD","G","A","G","A",0.0135481,0.0124183587328387,0.8462716196966,0.179944,0.0131105646934287,0.139709379111566,22.1179469985653,21.4207742770905
"rs138250961","LongSleep","CKD","G","C","G","C",0.0226649,0.0229384952347126,0.727862567648398,0.158689,0.226106747505628,0.0953190171986827,21.0380325901376,20.3413597478197
"rs138971980","LongSleep","CKD","G","C","G","C",0.0131425,0.0153694741671477,0.931466987723653,0.190514,-0.0781165558448445,0.134318431518706,23.9045814646123,23.2212848298488
"rs145916213","LongSleep","CKD","G","C","G","C",0.0266729,0.0284972176178072,0.675090128859826,0.149385,0.0462343943583962,0.0931189102432627,20.4225295320627,19.6893258880849
"rs1777334","LongSleep","CKD","C","T","C","T",0.507294,0.52428916090644,-0.281124950772763,0.0615623,0.000895708823223051,0.0314051092392331,20.8530272583157,20.028623368638
"rs283864","LongSleep","CKD","C","G","C","G",0.384161,0.395775982002782,-0.0862956331953415,0.0614722,-0.0683608500229971,0.0324712878327502,1.97069823282116,20.1364296653885
"rs304128","LongSleep","CKD","A","G","A","G",0.142702,0.134138941510774,0.331229948379266,0.0730405,-0.0579936409795657,0.0471111410492504,20.5651422940462,19.7801222612412
"rs4938609","LongSleep","CKD","A","C","A","C",0.021913,0.019860297164506,0.223767356707162,0.185979,0.0186939047167634,0.111717685368148,1.4476569078812,19.7373268681399
"rs61891046","LongSleep","CKD","A","G","A","G",0.157704,0.165051058161906,0.343674807151713,0.0730281,0.0331843426398978,0.0417600258539564,22.147024807521,21.3450688296026
"rs74790696","LongSleep","CKD","T","A","T","A",0.0620361,0.0645175613871498,0.490871865050033,0.106186,-0.00387294968528563,0.0641422184198927,21.3698640181487,20.6056595364928
