"SNP","exposure","outcome","effect_allele.exposure","other_allele.exposure","effect_allele.outcome","other_allele.outcome","eaf.exposure","eaf.outcome","beta.exposure","se.exposure","beta.outcome","se.outcome","raw_Fstat","APM_Fstat"
"rs11058004","Sleepiness","HF","A","G","A","G",0.352441,0.372824800236756,-0.117742411481556,0.0265624,-0.014742385317615,0.0360804841093587,19.6485826445071,18.8593935085316
"rs117134599","Sleepiness","HF","T","G","T","G",0.0261767,0.0248368624317486,0.347814808606414,0.074731,0.0067628381775451,0.111086544039215,21.6618004022414,20.8927191633696
"rs13013628","Sleepiness","HF","C","T","C","T",0.12503,0.131147297196818,0.166708640388778,0.0373754,-0.0708283531192343,0.0530255217677265,19.8950264383092,19.1201412333076
"rs13401678","Sleepiness","HF","T","A","T","A",0.179245,0.182591710197256,0.148195842064579,0.0326571,0.0250145663705318,0.044444167608542,20.5928665637153,19.8143160477521
"rs62139969","Sleepiness","HF","A","G","A","G",0.0163186,0.0183357258076451,0.455600398934992,0.100938,0.0844029985430879,0.124586726476003,20.3731789911684,19.5948780800987
"rs62460510","Sleepiness","HF","C","T","C","T",0.0731719,0.071059527158063,0.212341417780123,0.0469628,0.0573137978005597,0.06599830947802,20.4437923345271,19.6599306224668
"rs72727875","Sleepiness","HF","A","T","A","T",0.118078,0.118295642907885,0.176487907434603,0.039475,-0.0522929987109241,0.0549600655814123,19.9887497249693,19.231850098277
"rs7434941","Sleepiness","HF","A","G","A","G",0.243496,0.242049809846545,0.147151960109606,0.0316807,-0.0439537455407465,0.0409806551415737,21.5745906800025,20.7822966419148
"rs76636859","Sleepiness","HF","T","C","T","C",0.0713587,0.0768422610239716,-0.237342632839088,0.0493712,0.022978967088171,0.0648192614586932,23.1102234706022,22.3235331475956
"rs9919172","Sleepiness","HF","G","A","G","A",0.104919,0.116768283659396,-0.193782584174719,0.042119,-0.0536775623038643,0.0552054461659089,21.1676859326806,20.3692558194559
