"SNP","exposure","outcome","effect_allele.exposure","other_allele.exposure","effect_allele.outcome","other_allele.outcome","eaf.exposure","eaf.outcome","beta.exposure","se.exposure","beta.outcome","se.outcome","raw_Fstat","APM_Fstat"
"rs111483542","ShortSleep","AF","A","G","A","G",0.018655,0.0197831617560052,0.500229684552587,0.1055,0.178548095110543,0.0888799329203698,22.4819511967459,21.7333692543929
"rs16822697","ShortSleep","AF","A","C","A","C",0.120164,0.127738413975711,-0.275974869960196,0.0563548,0.0257702094555914,0.0397222369266882,23.9815499804302,23.2144952339625
"rs182626019","ShortSleep","AF","T","A","T","A",0.0237495,0.0272153115709447,0.458980598255444,0.100025,-0.100662643665893,0.0855491525319629,21.0557897466323,20.319631779895
"rs55654912","ShortSleep","AF","C","T","C","T",0.0201158,0.0169027020621,0.507793030098564,0.107884,-0.141818099835795,0.108931363225681,22.1543692716013,21.4399835903974
"rs7241626","ShortSleep","AF","C","T","C","T",0.0338432,0.035051775147929,0.354866309344795,0.0796217,-0.0141059703915169,0.0732880823669638,19.8639973098172,19.1094266850842
"rs72776898","ShortSleep","AF","A","G","A","G",0.0896331,0.0875266240681576,-0.267926505086432,0.0601937,0.025981577621895,0.0468723672066156,19.8120437889605,19.0448892815322
"rs78213764","ShortSleep","AF","T","G","T","G",0.0316139,0.0322225180452018,0.406104903395504,0.0815399,-0.119742992222244,0.0787522076791718,24.8048221537138,24.0611305093796
"rs78440839","ShortSleep","AF","G","T","G","T",0.0151506,0.0141265920151473,0.583181633558071,0.122924,0.0565226422404431,0.111469185700741,22.5078653423538,21.7835226692963
"rs824446","ShortSleep","AF","A","G","A","G",0.521318,0.528318073572263,0.153098698117051,0.0321989,0.0222748385028952,0.0268744904458918,22.6079365032236,21.814250178608
