"SNP","exposure","outcome","effect_allele.exposure","other_allele.exposure","effect_allele.outcome","other_allele.outcome","eaf.exposure","eaf.outcome","beta.exposure","se.exposure","beta.outcome","se.outcome","raw_Fstat","APM_Fstat"
"rs11646817","Insomnia","HTN","A","G","A","G",0.177294,0.1808394295426,0.0479135896139988,0.030472,0.0461757132554107,0.0161062165172428,2.47238157385615,19.6265966814365
"rs117286058","Insomnia","HTN","G","A","G","A",0.0157571,0.0155993674534088,-0.523041602595644,0.114223,0.00498922334267876,0.0502934462496286,20.9684024203965,20.1484872352185
"rs11789898","Insomnia","HTN","T","G","T","G",0.177465,0.182584726348305,0.0463109028632504,0.0306361,-0.0027887091269979,0.0160923323257198,2.28507015985045,22.4382134599388
"rs12553270","Insomnia","HTN","C","T","C","T",0.0585398,0.0579750838665819,0.232245998062745,0.0466223,0.0378404275573677,0.0265418263875481,24.8147034339497,24.0926781731843
"rs1475549","Insomnia","HTN","T","G","T","G",0.058666,0.0612652017791438,-0.25483934780231,0.0563339,-0.0068888450846075,0.0258815585867932,20.4641322063392,19.674410849583
"rs150081707","Insomnia","HTN","A","G","A","G",0.0356968,0.033703714648778,0.27443724570168,0.0589772,-0.0157780723149503,0.0345654895142608,21.6529864311779,20.919180550319
"rs28573814","Insomnia","HTN","A","G","A","G",0.391508,0.397275252674508,0.118485011435946,0.0249314,-0.0286316927537176,0.0127462102928362,22.5856969409558,21.8718133535941
"rs4921425","Insomnia","HTN","A","G","A","G",0.0578649,0.0632498965659909,0.218155129802784,0.0484463,-0.00353141521172758,0.0255360507583793,20.2772768597401,19.5514789192026
"rs76585741","Insomnia","HTN","T","A","T","A",0.0424392,0.0384662258919594,0.0909917780057293,0.0606006,-0.0253594196165526,0.0330098463804665,2.25450111549826,20.3513406438292
"rs78182614","Insomnia","HTN","T","C","T","C",0.363058,0.545466078848045,0.136242713669427,0.0264562,0.0520012275994645,0.0304595700754823,26.5198852442961,25.7629977075639
