"SNP","exposure","outcome","effect_allele.exposure","other_allele.exposure","effect_allele.outcome","other_allele.outcome","eaf.exposure","eaf.outcome","beta.exposure","se.exposure","beta.outcome","se.outcome","raw_Fstat","APM_Fstat"
"rs111483542","ShortSleep","AF","A","G","A","G",0.018655,0.0197831617560052,0.500229684552587,0.1055,0.178548095110543,0.0888799329203698,22.4819511967459,21.7333692543929
"rs12742385","ShortSleep","AF","G","A","G","A",0.16342,0.173668328328624,-0.0617903009564515,0.0445611,-0.00727851286532079,0.03545621517169,1.9227765421546,21.8877963244299
"rs16822697","ShortSleep","AF","A","C","A","C",0.120164,0.127738413975711,-0.275974869960196,0.0563548,0.0257702094555914,0.0397222369266882,23.9815499804302,23.2144952339625
"rs17668087","ShortSleep","AF","G","C","G","C",0.119842,0.115257747208047,0.0676399567103398,0.0476392,0.0383953921002643,0.0413602228142753,2.01594055786591,22.8923027112747
"rs182626019","ShortSleep","AF","T","A","T","A",0.0237495,0.0272153115709447,0.458980598255444,0.100025,-0.100662643665893,0.0855491525319629,21.0557897466323,20.319631779895
"rs448086","ShortSleep","AF","G","A","G","A",0.353619,0.351786110494786,-0.0502275467089371,0.0331232,0.0437980039901594,0.0278539533102041,2.29942558115668,20.5031498336301
"rs55654912","ShortSleep","AF","C","T","C","T",0.0201158,0.0169027020621,0.507793030098564,0.107884,-0.141818099835795,0.108931363225681,22.1543692716013,21.4399835903975
"rs61766953","ShortSleep","AF","C","G","C","G",0.0475824,0.0578393810742445,-0.117096896103973,0.0827505,-0.058858975675434,0.0585356807132529,2.00239389981308,20.3405477908009
"rs62436669","ShortSleep","AF","A","G","A","G",0.179945,0.190780813205342,-0.0686536433170481,0.0415572,-0.0707227027791721,0.0347718750784063,2.72919534527087,21.0595182180996
"rs78213764","ShortSleep","AF","T","G","T","G",0.0316139,0.0322225180452018,0.406104903395504,0.0815399,-0.119742992222244,0.0787522076791718,24.8048221537138,24.0611305093796
"rs78440839","ShortSleep","AF","G","T","G","T",0.0151506,0.0141265920151473,0.583181633558071,0.122924,0.0565226422404431,0.111469185700741,22.5078653423538,21.7835226692962
"rs824446","ShortSleep","AF","A","G","A","G",0.521318,0.528318073572263,0.153098698117051,0.0321989,0.0222748385028952,0.0268744904458918,22.6079365032236,21.814250178608
