"SNP","effect_allele.exposure","other_allele.exposure","effect_allele.outcome","other_allele.outcome","beta.exposure","beta.outcome","eaf.exposure","eaf.outcome","remove","palindromic","ambiguous","id.outcome","se.outcome","outcome","se.exposure","exposure","id.exposure","action","SNP_index","mr_keep","samplesize.outcome"
"rs111483542","A","G","A","G",0.500229684552587,0.178548095110543,0.018655,0.0197831617560052,FALSE,FALSE,FALSE,2,0.0888799329203698,"AF",0.1055,"ShortSleep",1,2,1,TRUE,NA
"rs12742385","G","A","G","A",-0.0617903009564515,-0.00727851286532079,0.16342,0.173668328328624,FALSE,FALSE,FALSE,2,0.03545621517169,"AF",0.0445611,"ShortSleep",1,2,1,TRUE,NA
"rs16822697","A","C","A","C",-0.275974869960196,0.0257702094555914,0.120164,0.127738413975711,FALSE,FALSE,FALSE,2,0.0397222369266882,"AF",0.0563548,"ShortSleep",1,2,1,TRUE,NA
"rs17668087","G","C","G","C",0.0676399567103398,0.0383953921002643,0.119842,0.115257747208047,FALSE,TRUE,FALSE,2,0.0413602228142753,"AF",0.0476392,"ShortSleep",1,2,1,TRUE,NA
"rs182626019","T","A","T","A",0.458980598255444,-0.100662643665893,0.0237495,0.0272153115709447,FALSE,TRUE,FALSE,2,0.0855491525319629,"AF",0.100025,"ShortSleep",1,2,1,TRUE,NA
"rs448086","G","A","G","A",-0.0502275467089371,0.0437980039901594,0.353619,0.351786110494786,FALSE,FALSE,FALSE,2,0.0278539533102041,"AF",0.0331232,"ShortSleep",1,2,1,TRUE,NA
"rs55654912","C","T","C","T",0.507793030098564,-0.141818099835795,0.0201158,0.0169027020621,FALSE,FALSE,FALSE,2,0.108931363225681,"AF",0.107884,"ShortSleep",1,2,1,TRUE,NA
"rs61766953","C","G","C","G",-0.117096896103973,-0.058858975675434,0.0475824,0.0578393810742445,FALSE,TRUE,FALSE,2,0.0585356807132529,"AF",0.0827505,"ShortSleep",1,2,1,TRUE,NA
"rs62436669","A","G","A","G",-0.0686536433170481,-0.0707227027791721,0.179945,0.190780813205342,FALSE,FALSE,FALSE,2,0.0347718750784063,"AF",0.0415572,"ShortSleep",1,2,1,TRUE,NA
"rs78213764","T","G","T","G",0.406104903395504,-0.119742992222244,0.0316139,0.0322225180452018,FALSE,FALSE,FALSE,2,0.0787522076791718,"AF",0.0815399,"ShortSleep",1,2,1,TRUE,NA
"rs78440839","G","T","G","T",0.583181633558071,0.0565226422404431,0.0151506,0.0141265920151473,FALSE,FALSE,FALSE,2,0.111469185700741,"AF",0.122924,"ShortSleep",1,2,1,TRUE,NA
"rs824446","A","G","A","G",0.153098698117051,0.0222748385028952,0.521318,0.528318073572263,FALSE,FALSE,FALSE,2,0.0268744904458918,"AF",0.0321989,"ShortSleep",1,2,1,TRUE,NA
