"SNP","effect_allele.exposure","other_allele.exposure","effect_allele.outcome","other_allele.outcome","beta.exposure","beta.outcome","eaf.exposure","eaf.outcome","remove","palindromic","ambiguous","id.outcome","se.outcome","outcome","se.exposure","exposure","id.exposure","action","SNP_index","mr_keep","samplesize.outcome"
"rs111483542","A","G","A","G",0.500229684552587,0.178548095110543,0.018655,0.0197831617560052,FALSE,FALSE,FALSE,2,0.0888799329203698,"AF",0.1055,"ShortSleep",1,2,1,TRUE,NA
"rs16822697","A","C","A","C",-0.275974869960196,0.0257702094555914,0.120164,0.127738413975711,FALSE,FALSE,FALSE,2,0.0397222369266882,"AF",0.0563548,"ShortSleep",1,2,1,TRUE,NA
"rs182626019","T","A","T","A",0.458980598255444,-0.100662643665893,0.0237495,0.0272153115709447,FALSE,TRUE,FALSE,2,0.0855491525319629,"AF",0.100025,"ShortSleep",1,2,1,TRUE,NA
"rs55654912","C","T","C","T",0.507793030098564,-0.141818099835795,0.0201158,0.0169027020621,FALSE,FALSE,FALSE,2,0.108931363225681,"AF",0.107884,"ShortSleep",1,2,1,TRUE,NA
"rs7241626","C","T","C","T",0.354866309344795,-0.0141059703915169,0.0338432,0.035051775147929,FALSE,FALSE,FALSE,2,0.0732880823669638,"AF",0.0796217,"ShortSleep",1,2,1,TRUE,NA
"rs72776898","A","G","A","G",-0.267926505086432,0.025981577621895,0.0896331,0.0875266240681576,FALSE,FALSE,FALSE,2,0.0468723672066156,"AF",0.0601937,"ShortSleep",1,2,1,TRUE,NA
"rs78213764","T","G","T","G",0.406104903395504,-0.119742992222244,0.0316139,0.0322225180452018,FALSE,FALSE,FALSE,2,0.0787522076791718,"AF",0.0815399,"ShortSleep",1,2,1,TRUE,NA
"rs78440839","G","T","G","T",0.583181633558071,0.0565226422404431,0.0151506,0.0141265920151473,FALSE,FALSE,FALSE,2,0.111469185700741,"AF",0.122924,"ShortSleep",1,2,1,TRUE,NA
"rs824446","A","G","A","G",0.153098698117051,0.0222748385028952,0.521318,0.528318073572263,FALSE,FALSE,FALSE,2,0.0268744904458918,"AF",0.0321989,"ShortSleep",1,2,1,TRUE,NA
