"SNP","exposure","outcome","effect_allele.exposure","other_allele.exposure","effect_allele.outcome","other_allele.outcome","eaf.exposure","eaf.outcome","beta.exposure","se.exposure","beta.outcome","se.outcome","raw_Fstat","APM_Fstat"
"rs11058004","Sleepiness","T2DM","A","G","A","G",0.352441,0.372872324679554,-0.117742411481556,0.0265624,0.0119498857235811,0.0289681337921027,19.6485826445071,18.8593935085316
"rs117134599","Sleepiness","T2DM","T","G","T","G",0.0261767,0.0248360789189349,0.347814808606414,0.074731,0.156084827616058,0.0842538397903671,21.6618004022414,20.8927191633696
"rs13013628","Sleepiness","T2DM","C","T","C","T",0.12503,0.131135836258702,0.166708640388778,0.0373754,-0.0380015662554062,0.0422005203612879,19.8950264383092,19.1201412333076
"rs13401678","Sleepiness","T2DM","T","A","T","A",0.179245,0.182566349413106,0.148195842064579,0.0326571,-0.0228348349892652,0.0363267015229389,20.5928665637153,19.8143160477521
"rs62139969","Sleepiness","T2DM","A","G","A","G",0.0163186,0.0183406113537118,0.455600398934992,0.100938,-0.0136714665059085,0.105168295778592,20.3731789911684,19.5948780800987
"rs62460510","Sleepiness","T2DM","C","T","C","T",0.0731719,0.0710562556455554,0.212341417780123,0.0469628,0.0403004977166013,0.053714607364953,20.4437923345271,19.6599306224668
"rs72727875","Sleepiness","T2DM","A","T","A","T",0.118078,0.118386380458919,0.176487907434603,0.039475,-0.0708930138057079,0.04440042847019,19.9887497249693,19.231850098277
"rs7434941","Sleepiness","T2DM","A","G","A","G",0.243496,0.242084696339496,0.147151960109606,0.0316807,-0.0187612671909517,0.0327956405669585,21.5745906800025,20.7822966419148
"rs76636859","Sleepiness","T2DM","T","C","T","C",0.0713587,0.0768405316598088,-0.237342632839088,0.0493712,0.0425057461833906,0.0517389389928336,23.1102234706022,22.3235331475956
"rs9919172","Sleepiness","T2DM","G","A","G","A",0.104919,0.116791994789508,-0.193782584174719,0.042119,-0.0475422046217151,0.044283918553811,21.1676859326806,20.3692558194559
