"SNP","effect_allele.exposure","other_allele.exposure","effect_allele.outcome","other_allele.outcome","beta.exposure","beta.outcome","eaf.exposure","eaf.outcome","remove","palindromic","ambiguous","id.outcome","se.outcome","outcome","se.exposure","exposure","id.exposure","action","SNP_index","mr_keep","samplesize.outcome"
"rs11004745","C","T","C","T",0.132343186987713,-0.0430025730113944,0.246937,0.259197324414716,FALSE,FALSE,FALSE,2,0.040148151363933,"HF",0.0295542,"Sleepiness",1,2,1,TRUE,NA
"rs117134599","T","G","T","G",0.355756522318681,0.00243437154395721,0.0262883,0.0248368624317486,FALSE,FALSE,FALSE,2,0.111669960885065,"HF",0.0759337,"Sleepiness",1,2,1,TRUE,NA
"rs11903853","C","T","C","T",0.167503983443531,-0.0578685776592876,0.133125,0.141740327810598,FALSE,FALSE,FALSE,2,0.0510324121354234,"HF",0.0373451,"Sleepiness",1,2,1,TRUE,NA
"rs12065179","C","G","C","G",-0.19791815384964,-0.0622256041878042,0.0974634,0.108353063036401,FALSE,TRUE,FALSE,2,0.0575750430004415,"HF",0.0441659,"Sleepiness",1,2,1,TRUE,NA
"rs12292717","C","T","C","T",-0.218570274703504,-0.0638162993102749,0.0755928,0.079966255217121,FALSE,FALSE,FALSE,2,0.0659756441698521,"HF",0.0488918,"Sleepiness",1,2,1,TRUE,NA
"rs13401678","T","A","T","A",0.15251505721129,0.0255780407379807,0.178788,0.182591710197256,FALSE,TRUE,FALSE,2,0.0446143574434553,"HF",0.0331991,"Sleepiness",1,2,1,TRUE,NA
"rs1456040","T","C","T","C",0.180720275426981,0.0661392943729685,0.105871,0.106459011541876,FALSE,FALSE,FALSE,2,0.0550412516743798,"HF",0.0408954,"Sleepiness",1,2,1,TRUE,NA
"rs200171962","C","G","C","G",0.178347002038543,-0.016293010602768,0.130993,0.171383468370801,FALSE,TRUE,FALSE,2,0.053978782481248,"HF",0.039867,"Sleepiness",1,2,1,TRUE,NA
"rs6048097","A","T","A","T",-0.140954302954584,0.0575370390969604,0.248879,0.259112906806376,FALSE,TRUE,FALSE,2,0.0393356519214249,"HF",0.030392,"Sleepiness",1,2,1,TRUE,NA
"rs62460510","C","T","C","T",0.216449194021483,0.065251483977586,0.0726653,0.071059527158063,FALSE,FALSE,FALSE,2,0.066323102510868,"HF",0.0479116,"Sleepiness",1,2,1,TRUE,NA
"rs7434941","A","G","A","G",0.153210237750202,-0.0504071244842209,0.243582,0.242049809846545,FALSE,FALSE,FALSE,2,0.0412416243924831,"HF",0.0321778,"Sleepiness",1,2,1,TRUE,NA
"rs76636859","T","C","T","C",-0.232167898522594,0.0225572839064563,0.0714405,0.0768422610239716,FALSE,FALSE,FALSE,2,0.0651133086807773,"HF",0.0500009,"Sleepiness",1,2,1,TRUE,NA
