"SNP","exposure","outcome","effect_allele.exposure","other_allele.exposure","effect_allele.outcome","other_allele.outcome","eaf.exposure","eaf.outcome","beta.exposure","se.exposure","beta.outcome","se.outcome","raw_Fstat","APM_Fstat"
"rs111920836","LongSleep","CKD","C","T","C","T",0.101968,0.109138704657733,0.414695708069987,0.0862925,0.0410211782616624,0.048735183310203,23.0947347602728,22.3165575629804
"rs117450402","LongSleep","CKD","A","G","A","G",0.0356666,0.0371762616545804,0.62594377844578,0.133747,0.0203718248317279,0.082871325150458,21.9029471607553,21.1596790938568
"rs138971980","LongSleep","CKD","G","C","G","C",0.0132665,0.0153694741671477,0.946346497987337,0.191077,-0.0863716017810391,0.134524726294325,24.529208264229,23.848469868104
"rs140045289","LongSleep","CKD","T","C","T","C",0.0127844,0.0119281940477424,0.844227437172832,0.187724,0.00561634601724707,0.142852811363806,20.2245713605129,19.5325389515793
"rs140097546","LongSleep","CKD","A","C","A","C",0.0280081,0.0326367159000632,0.663754414533626,0.147504,0.0630662983937073,0.0908910719177068,20.2491710872511,19.5182716030041
"rs1777334","LongSleep","CKD","C","T","C","T",0.507286,0.52428916090644,-0.281714580072029,0.06213,0.00127922647099624,0.0314805421952469,20.5596606237358,19.7365244983523
"rs2086730","LongSleep","CKD","T","C","T","C",0.015704,0.0153544472398994,0.80725681085002,0.167274,0.186839163770247,0.118870278049242,23.2898424802291,22.5916739689527
"rs2819372","LongSleep","CKD","C","A","C","A",0.43117,0.425950865768832,0.268850873166589,0.0587626,0.00383167261366453,0.0319503839563903,20.9324901772712,20.118208633838
"rs283864","LongSleep","CKD","C","G","C","G",0.384172,0.395775982002782,-0.0877563817094692,0.061866,-0.0654918941841326,0.0325600491338419,2.01211751973564,19.8971716743087
"rs3016887","LongSleep","CKD","C","T","C","T",0.0271299,0.0275064381493651,0.678667859295111,0.15021,0.139044465798364,0.0894273075197566,20.413471746049,19.6776272209376
"rs76013678","LongSleep","CKD","A","C","A","C",0.0457128,0.0410987287069514,0.158660495305087,0.129498,-0.0450178950501037,0.0811589108306113,1.50110644370769,20.549112521826
