"SNP","exposure","outcome","effect_allele.exposure","other_allele.exposure","effect_allele.outcome","other_allele.outcome","eaf.exposure","eaf.outcome","beta.exposure","se.exposure","beta.outcome","se.outcome","raw_Fstat","APM_Fstat"
"rs111483542","ShortSleep","T2DM","A","G","A","G",0.0186623,0.0197522275835529,0.515132336550815,0.106023,0.140888602225638,0.0985176412376226,23.6068178024823,22.8581466195768
"rs147731842","ShortSleep","T2DM","G","C","G","C",0.0570066,0.0540470515079283,-0.353065750633974,0.0790661,-0.0474956847557532,0.0641355582500132,19.9402475869018,19.1483799507633
"rs16822697","ShortSleep","T2DM","A","C","A","C",0.119789,0.127706973370635,-0.273196825371171,0.0566705,-0.0474003607699792,0.0430824786144929,23.2400580219935,22.4842094052529
"rs182626019","ShortSleep","T2DM","T","A","T","A",0.0236907,0.027196838506283,0.47354111495872,0.100448,0.0577767542540951,0.0852551546110195,22.2245408145128,21.4889810830801
"rs55654912","ShortSleep","T2DM","C","T","C","T",0.0202258,0.0168771680156542,0.490351451033641,0.108462,-0.119487992902343,0.116946312336495,20.4390032523685,19.7267606257761
"rs7241626","ShortSleep","T2DM","C","T","C","T",0.0339707,0.0350386357580602,0.354480537990197,0.0799647,-0.0395038803800086,0.0796220043923645,19.6511589175426,18.8952440068341
"rs78213764","ShortSleep","T2DM","T","G","T","G",0.0316767,0.0322296557236316,0.402674551457536,0.082147,0.0623642505422643,0.0776708351143833,24.0284054673864,23.2841763820409
"rs78440839","ShortSleep","T2DM","G","T","G","T",0.0152343,0.0141362109033853,0.570691369473482,0.123914,-0.0442562734307245,0.123570605655057,21.2110348117306,20.4857772255505
"rs8045541","ShortSleep","T2DM","A","C","A","C",0.0761298,0.0796687438018975,0.251707684278962,0.0560818,-0.0472697499789922,0.0542302578827148,20.144155243311,19.4500744694449
"rs824446","ShortSleep","T2DM","A","G","A","G",0.522133,0.528300350794097,0.14660801963609,0.0323741,0.000824202089391136,0.0285600821887662,20.507845976993,19.7191278475583
