"SNP","exposure","outcome","effect_allele.exposure","other_allele.exposure","effect_allele.outcome","other_allele.outcome","eaf.exposure","eaf.outcome","beta.exposure","se.exposure","beta.outcome","se.outcome","raw_Fstat","APM_Fstat"
"rs112324736","Insomnia","HF","G","A","G","A",0.184698,0.185669634260151,0.0439977464776452,0.031276,0.0306108173949218,0.0444258581715141,1.97896656554059,19.6985643591238
"rs117127404","Insomnia","HF","T","C","T","C",0.0155672,0.0156626862579719,-0.523563068348089,0.115427,-0.108115284890639,0.145755529593482,20.5742111144933,19.7542734632832
"rs11789898","Insomnia","HF","T","G","T","G",0.177533,0.182627551397996,0.0466450078230438,0.0305657,-0.0585503561535179,0.0458310240341177,2.32885070398782,22.3209385940534
"rs11951138","Insomnia","HF","G","A","G","A",0.050806,0.0554832122404889,-0.0798953018716389,0.0559484,0.123716676127959,0.0724525660241242,2.03923436697387,19.9978751087375
"rs12553270","Insomnia","HF","C","T","C","T",0.0582212,0.0580221699299975,0.242569637139312,0.0465059,-0.0324766339931624,0.0758126068028449,27.2055036443631,26.4789871513323
"rs150081707","Insomnia","HF","A","G","A","G",0.035717,0.0336712044983723,0.26842279751297,0.0588301,0.0907079117783191,0.0928790020058932,20.8180296793604,20.0851061765299
"rs28573814","Insomnia","HF","A","G","A","G",0.39154,0.397296457426973,0.116982715485614,0.0248692,-0.0243058847763475,0.035746497891766,22.1268589107214,21.4200309144577
"rs76725568","Insomnia","HF","C","G","C","G",0.0712185,0.0770602423901623,0.213925192504131,0.0469983,0.00811376735445974,0.0648623475117286,20.7185598704935,19.988768821258
"rs78182614","Insomnia","HF","T","C","T","C",0.36344,0.545509419576198,0.132229295263576,0.026397,0.161531066584798,0.0825389391283315,25.0926322500813,24.3362488041416
