"SNP","exposure","outcome","effect_allele.exposure","other_allele.exposure","effect_allele.outcome","other_allele.outcome","eaf.exposure","eaf.outcome","beta.exposure","se.exposure","beta.outcome","se.outcome","raw_Fstat","APM_Fstat"
"rs117127404","Insomnia","HF","T","C","T","C",0.0155672,0.0156626862579719,-0.523563068348089,0.115427,-0.108115284890639,0.145755529593482,20.5742111144933,19.7542734632832
"rs12553270","Insomnia","HF","C","T","C","T",0.0582212,0.0580221699299975,0.242569637139312,0.0465059,-0.0324766339931624,0.0758126068028449,27.2055036443631,26.4789871513324
"rs1475549","Insomnia","HF","T","G","T","G",0.0586521,0.0612356640769515,-0.249663363467434,0.0561647,-0.0549164178885609,0.073864825139682,19.7598092177154,18.9724665039321
"rs150081707","Insomnia","HF","A","G","A","G",0.035717,0.0336712044983723,0.26842279751297,0.0588301,0.0907079117783191,0.0928790020058932,20.8180296793604,20.0851061765298
"rs28573814","Insomnia","HF","A","G","A","G",0.39154,0.397296457426973,0.116982715485614,0.0248692,-0.0243058847763475,0.035746497891766,22.1268589107214,21.4200309144578
"rs56256111","Insomnia","HF","A","G","A","G",0.139098,0.143121383861851,0.153553358609311,0.0344867,-0.0058746534841118,0.04983756585892,19.8250988671022,19.0873934220722
"rs5771648","Insomnia","HF","T","C","T","C",0.386769,0.397941668269729,-0.110874579090541,0.0250637,-0.0214073448267046,0.0357157847941312,19.5692238475302,18.8322836378642
"rs60365505","Insomnia","HF","G","T","G","T",0.0572297,0.0617378951106902,0.213949414474266,0.0483258,-0.122257044100732,0.0757934110788989,19.6003623471427,18.9289091232928
"rs73313142","Insomnia","HF","A","G","A","G",0.0565757,0.0638836273233101,0.218661522010342,0.0492748,0.0158803466952173,0.070854791160726,19.6922342370371,18.9674543171139
"rs76725568","Insomnia","HF","C","G","C","G",0.0712185,0.0770602423901623,0.213925192504131,0.0469983,0.00811376735445974,0.0648623475117286,20.7185598704935,19.9887688212579
"rs78182614","Insomnia","HF","T","C","T","C",0.36344,0.545509419576198,0.132229295263576,0.026397,0.161531066584798,0.0825389391283315,25.0926322500813,24.3362488041416
"rs9784526","Insomnia","HF","G","A","G","A",0.206092,0.208464668886422,0.124895460071316,0.0282546,0.0389683007798606,0.0423452538362225,19.5395688921775,18.785782270575
