"SNP","effect_allele.exposure","other_allele.exposure","effect_allele.outcome","other_allele.outcome","beta.exposure","beta.outcome","eaf.exposure","eaf.outcome","remove","palindromic","ambiguous","id.outcome","se.outcome","outcome","se.exposure","exposure","id.exposure","action","SNP_index","mr_keep","samplesize.outcome"
"rs117127404","T","C","T","C",-0.523563068348089,-0.108115284890639,0.0155672,0.0156626862579719,FALSE,FALSE,FALSE,2,0.145755529593482,"HF",0.115427,"Insomnia",1,2,1,TRUE,NA
"rs12553270","C","T","C","T",0.242569637139312,-0.0324766339931624,0.0582212,0.0580221699299975,FALSE,FALSE,FALSE,2,0.0758126068028449,"HF",0.0465059,"Insomnia",1,2,1,TRUE,NA
"rs1475549","T","G","T","G",-0.249663363467434,-0.0549164178885609,0.0586521,0.0612356640769515,FALSE,FALSE,FALSE,2,0.073864825139682,"HF",0.0561647,"Insomnia",1,2,1,TRUE,NA
"rs150081707","A","G","A","G",0.26842279751297,0.0907079117783191,0.035717,0.0336712044983723,FALSE,FALSE,FALSE,2,0.0928790020058932,"HF",0.0588301,"Insomnia",1,2,1,TRUE,NA
"rs28573814","A","G","A","G",0.116982715485614,-0.0243058847763475,0.39154,0.397296457426973,FALSE,FALSE,FALSE,2,0.035746497891766,"HF",0.0248692,"Insomnia",1,2,1,TRUE,NA
"rs56256111","A","G","A","G",0.153553358609311,-0.0058746534841118,0.139098,0.143121383861851,FALSE,FALSE,FALSE,2,0.04983756585892,"HF",0.0344867,"Insomnia",1,2,1,TRUE,NA
"rs5771648","T","C","T","C",-0.110874579090541,-0.0214073448267046,0.386769,0.397941668269729,FALSE,FALSE,FALSE,2,0.0357157847941312,"HF",0.0250637,"Insomnia",1,2,1,TRUE,NA
"rs60365505","G","T","G","T",0.213949414474266,-0.122257044100732,0.0572297,0.0617378951106902,FALSE,FALSE,FALSE,2,0.0757934110788989,"HF",0.0483258,"Insomnia",1,2,1,TRUE,NA
"rs73313142","A","G","A","G",0.218661522010342,0.0158803466952173,0.0565757,0.0638836273233101,FALSE,FALSE,FALSE,2,0.070854791160726,"HF",0.0492748,"Insomnia",1,2,1,TRUE,NA
"rs76725568","C","G","C","G",0.213925192504131,0.00811376735445974,0.0712185,0.0770602423901623,FALSE,TRUE,FALSE,2,0.0648623475117286,"HF",0.0469983,"Insomnia",1,2,1,TRUE,NA
"rs78182614","T","C","T","C",0.132229295263576,0.161531066584798,0.36344,0.545509419576198,FALSE,FALSE,FALSE,2,0.0825389391283315,"HF",0.026397,"Insomnia",1,2,1,TRUE,NA
"rs9784526","G","A","G","A",0.124895460071316,0.0389683007798606,0.206092,0.208464668886422,FALSE,FALSE,FALSE,2,0.0423452538362225,"HF",0.0282546,"Insomnia",1,2,1,TRUE,NA
